n,r2,mae,rmse,mdae,ks_d,calibration_slope,calibration_intercept,fold,model,target,entity_id,site_name
55,-0.9983964069415816,1.1413946101668382,1.3058793101254027,1.0023550350157855,0.7818181818181819,-0.3512169808565378,-15.117698681963583,0,RandomForest,d18O_measurement,17,Kesang cave
30,0.0441643407168539,0.3414914181180027,0.4764274172467723,0.2935986609394097,0.4,2.36074867167108,5.813275930655241,1,RandomForest,d18O_measurement,32,Villars cave
30,-1.43661491305477,0.583788304884132,0.698878438031654,0.5222838752386529,0.8333333333333334,0.3536474806519833,-4.513610732907454,2,RandomForest,d18O_measurement,101,Mairs cave
61,-0.5491772140452555,0.3337972902635233,0.4125600843059398,0.2832981662052516,0.6721311475409836,8.494765390719245,42.55558639737343,3,RandomForest,d18O_measurement,102,Mairs cave
30,-0.0513707074710327,0.2638033559884832,0.3310562947548919,0.2267444413939323,0.6666666666666666,-4.521439714157528,-13.92732601339391,4,RandomForest,d18O_measurement,156,Abaco Island cave
30,-2.335064071027253,0.7007651075761411,0.8227669026731197,0.681767599040924,0.9666666666666668,-0.4654956738426445,-3.497076833665348,5,RandomForest,d18O_measurement,158,Abaco Island cave
41,-1.4438382006265391,0.6361873569773818,0.7023626544671155,0.6969893138573884,0.8048780487804879,3.161431776311076,11.527643739165674,6,RandomForest,d18O_measurement,169,Dim cave
30,-0.3316118859195116,0.1344161491966289,0.1774911998951147,0.0928021143699715,0.5666666666666667,0.3984829242361625,-3.657677650864698,7,RandomForest,d18O_measurement,226,Liang Luar
30,-0.0232086708016356,0.1300695306739091,0.1687679027827739,0.1074376003381782,0.5666666666666667,0.9902617128862076,-0.1563241783858409,8,RandomForest,d18O_measurement,290,Kinderlinskaya cave
160,0.0424671365170811,0.1324718439640639,0.165213835207152,0.1177957498198423,0.4625,5.11415320476101,33.073734345770504,9,RandomForest,d18O_measurement,390,Closani cave
30,0.1764153191214696,0.5125027411247597,0.6321305337463624,0.5005176615409501,0.4,4.7503662888036695,14.85946404058779,10,RandomForest,d18O_measurement,394,Kotumsar cave
30,0.0090785468742339,0.2036702682390891,0.2648886881559673,0.1603450987015118,0.6,2.913244852604388,14.905557802656812,11,RandomForest,d18O_measurement,561,Cobre cave
43,-0.0038243578304084,0.442064552089388,0.5346220067683871,0.3976323532618542,0.5581395348837209,8.305559544031334,33.31288294536017,12,RandomForest,d18O_measurement,573,Gejkar cave
30,-0.5936628406282602,0.235897612655566,0.2899143953490749,0.2318348122929965,0.7333333333333333,10.90695527256944,81.28963654807215,13,RandomForest,d18O_measurement,574,Gol-E-Zard cave
30,-0.461943729583709,0.4339992215800963,0.5283854804095771,0.3668410780807631,0.7333333333333333,5.988146847075663,23.207538026148832,14,RandomForest,d18O_measurement,575,Jersey cave
101,-0.9938085394294044,0.2376046656439035,0.282657143585556,0.1877759323786012,0.801980198019802,-6.757307147475081,-41.31416615602576,15,RandomForest,d18O_measurement,596,Bunker cave
148,-0.9596009895906634,0.322244506733341,0.3932432360652103,0.2651705054850909,0.8108108108108109,-2.914415409299232,-0.0445791362881887,16,RandomForest,d18O_measurement,608,Santo Tomas cave
73,-1.9858316978440635,0.4698413347969019,0.5515645678768512,0.4938222502461791,0.863013698630137,2.289658562690554,3.492401840838746,17,RandomForest,d18O_measurement,692,Abaco Island cave
65,0.1420559170796713,0.5483569669818796,0.6907873469454578,0.4456698531469043,0.4153846153846154,4.369796362480972,10.293392519306174,18,RandomForest,d18O_measurement,694,Botuverá cave
30,-0.9641084641112534,0.3767524380683566,0.4415634751935265,0.374155109195105,0.7333333333333333,-0.537045812952952,-8.256980009872697,19,RandomForest,d18O_measurement,714,Pere Noel cave
30,-1.9547540155440093,0.6035686230459946,0.7286484657563236,0.5816195559712614,0.8,-1.671596875078387,-14.307170390114765,20,RandomForest,d18O_measurement,722,Rio Secreto cave system
30,-3.42116895336326,0.6652563265233273,0.7457524983966333,0.6656343539394594,0.9666666666666668,14.096613410220142,60.930751979093046,21,RandomForest,d18O_measurement,748,Cueva Rosa
30,-12.988998792228228,0.5406245354367516,0.5610838590707528,0.5191935647580166,1.0,-2.176521960035409,-12.45555769700976,22,RandomForest,d18O_measurement,751,Cueva Rosa
30,-0.0397268921681761,0.2137906978322643,0.2595984173267328,0.1935870842203768,0.2333333333333333,0.4674586345264554,-4.084287585908415,23,RandomForest,d18O_measurement,764,Goda Mea cave
30,0.0315452163670358,0.3924935997048298,0.4954257321071772,0.3084250234680268,0.5,6.626220852257603,32.925335194279285,24,RandomForest,d18O_measurement,773,Herbstlabyrinth cave
30,-2.3127198281398265,0.1439148291464361,0.1657468474957599,0.1542029527109232,0.9666666666666668,-0.673818142460672,-8.39431374293227,25,RandomForest,d18O_measurement,783,Hüttenbläserschachthöhle
34,-0.0042942240521919,0.2010999509189448,0.2280017750949366,0.2136444786141811,0.5294117647058824,-13.652486226416803,-77.55069581647554,26,RandomForest,d18O_measurement,784,Hüttenbläserschachthöhle
30,-4.752540703257672,0.6523818051142671,0.7034923765391347,0.6960411431887259,1.0,3.0424940265282885,8.979174976260445,27,RandomForest,d18O_measurement,804,La Vallina
188,0.0428006125887839,0.406003487327483,0.5078634278277356,0.3414977381060914,0.5159574468085106,3.5577657843825023,2.0187341678513864,28,RandomForest,d18O_measurement,812,Larga cave
30,-20.063080009404384,0.9517247412995676,0.9700468138076502,0.9623716876703252,1.0,2.117649779230368,8.861684876728907,29,RandomForest,d18O_measurement,836,Pir Ghar cave
30,-4.431173746128191,0.475818070219593,0.5278617665481771,0.4345823149751782,1.0,-19.012059560730577,-91.66174192358784,30,RandomForest,d18O_measurement,842,Sa balma des quartó cave
30,-0.1506969019284347,0.1694933039059655,0.2057393885203775,0.1542055969628242,0.7,7.0676542241255085,27.29772205383456,31,RandomForest,d18O_measurement,843,Sa balma des quartó cave
40,-0.038711559290848,0.2718832756023401,0.3165742300571644,0.2209164844300644,0.625,16.215107572379033,69.86767390171738,32,RandomForest,d18O_measurement,844,Sa balma des quartó cave
30,-1.7377692792984418,0.4172420341827296,0.4479960167007314,0.4476149768325448,0.8666666666666667,31.33382810551191,139.22695508350293,33,RandomForest,d18O_measurement,845,Sa balma des quartó cave
30,-1.144881019903682,0.3321221083814816,0.4215692203708468,0.2229597766251561,0.8666666666666667,10.096458588234798,31.33766432946464,34,RandomForest,d18O_measurement,879,Yonderup cave
30,-0.5898997592296691,0.4298708913727258,0.4990780428511282,0.4947364875411355,0.6666666666666666,-1.0210827145533494,-13.665253115435355,35,RandomForest,d18O_measurement,881,Zoolithen cave
30,-0.0736239081668581,0.4509248700309786,0.5122210236164315,0.5020127700291503,0.5666666666666667,0.0801971068496744,-6.30889494452914,36,RandomForest,d18O_measurement,882,Zoolithen cave
30,-11.213615227892468,0.5384647310479345,0.5626249879773433,0.523490391650463,1.0,-1.4002005214692177,-18.435586992716463,37,RandomForest,d18O_measurement,883,Bigonda cave
41,-3.4842425524435425,0.4653202853475112,0.5232656029388972,0.4781247789756637,0.975609756097561,10.045554885939094,65.9837262905377,38,RandomForest,d18O_measurement,884,Bigonda cave
32,-0.3022848511719926,0.1948890780636434,0.2282164456421576,0.1844142461015141,0.71875,7.773708176355034,26.4599401340233,39,RandomForest,d18O_measurement,887,Kocain cave
30,0.0006065623585206,0.0883623333497711,0.1053350571028325,0.0913874798326523,0.5,4.569736609124662,15.159319047473026,40,RandomForest,d18O_measurement,888,Labyrinth cave
30,-0.141467914091155,0.2867975311491447,0.3294162145076137,0.2739718913623568,0.4333333333333333,-6.293861771040976,-66.233949043345,41,RandomForest,d18O_measurement,889,Lake Shasta cave
77,-0.2903795202053665,0.2302400461410633,0.2903969767987605,0.2100439201552735,0.5844155844155844,3.102050776599123,19.272309641071303,42,RandomForest,d18O_measurement,890,Lake Shasta cave
39,-0.0332467387707762,0.4764641933570671,0.6286166606785062,0.3752986178720929,0.4615384615384615,-1.2339765606454127,-5.997525820726299,43,RandomForest,d18O_measurement,892,Naharon
30,0.4168550347756168,0.2334299618066732,0.2646071066699369,0.2296755963292001,0.5,2.8472076517975995,11.273276029188729,44,RandomForest,d18O_measurement,894,Savi cave
30,-0.5549872402530196,0.4396650045222389,0.5022429311875842,0.4006943223719097,0.6666666666666666,-2.153560444155739,-17.492854372316522,45,RandomForest,d18O_measurement,895,Savi cave
55,-0.716074661730097,1.0142673700506035,1.21012521553546,0.9826909637451172,0.4181818181818181,-0.1106003198855755,-12.63857207348815,0,XGBoost,d18O_measurement,17,Kesang cave
30,-2.688561947164449,0.8298341058304712,0.935909105516861,0.9707342269193407,0.7,0.3495042346228738,-2.6417501198080497,1,XGBoost,d18O_measurement,32,Villars cave
30,-0.0589796291379636,0.3943052005767821,0.4607358389434879,0.3466935825347899,0.4333333333333333,0.5988499096663333,-2.597634137600372,2,XGBoost,d18O_measurement,101,Mairs cave
61,0.3622364724198408,0.2226245095299893,0.264707652402731,0.2066967391967775,0.360655737704918,1.091740395388883,0.6749014569871248,3,XGBoost,d18O_measurement,102,Mairs cave
30,0.0637376080680732,0.2201571051279704,0.3124084003039438,0.1486396503448486,0.3333333333333333,1.0849187083964027,0.1304554452036272,4,XGBoost,d18O_measurement,156,Abaco Island cave
30,-2.312118048181228,0.6190900646845499,0.8199316027632806,0.4323569583892821,0.7333333333333333,-0.3062401384024916,-3.0210891474695494,5,XGBoost,d18O_measurement,158,Abaco Island cave
41,-0.4847992668575851,0.4935481827898723,0.5474684031404047,0.512109706878662,0.7073170731707317,1.1308795867704606,0.9739065284703106,6,XGBoost,d18O_measurement,169,Dim cave
30,0.1107802957214452,0.1164805240631103,0.1450415835601386,0.1013501548767092,0.3333333333333333,1.6083171677254433,3.7523036218895545,7,XGBoost,d18O_measurement,226,Liang Luar
30,-0.4499279832962897,0.1532450052897134,0.2009004750083526,0.1262094879150392,0.4,-0.3318368917794669,-16.407974288888003,8,XGBoost,d18O_measurement,290,Kinderlinskaya cave
160,-0.0639666093518707,0.1357909871339798,0.1741540457753527,0.1193144226074216,0.4375,0.8245915827668078,-1.351189722621701,9,XGBoost,d18O_measurement,390,Closani cave
30,0.052343896596663,0.552631246884664,0.6780754495866764,0.4937531661987306,0.5,1.2743102363886334,0.6377301918005878,10,XGBoost,d18O_measurement,394,Kotumsar cave
30,-0.3003174056287425,0.2418451229619955,0.3034369644297254,0.1772022300079347,0.2333333333333333,0.0095059133300457,-7.786687312216087,11,XGBoost,d18O_measurement,561,Cobre cave
43,-0.0357011855109417,0.4310443603160768,0.5430442300714148,0.3871998748779295,0.5581395348837209,1.9708915916187848,4.0715405184665565,12,XGBoost,d18O_measurement,573,Gejkar cave
30,0.2743522185980368,0.1474577797995442,0.1956295666896008,0.1337046130908197,0.2666666666666666,0.9535123810029894,-0.4287018580274901,13,XGBoost,d18O_measurement,574,Gol-E-Zard cave
30,0.1246174387493119,0.3270483891835931,0.4088692898476528,0.2851786499727295,0.4,1.52123451108328,2.489645578445354,14,XGBoost,d18O_measurement,575,Jersey cave
101,-0.2699250006062073,0.1830785273561383,0.225583471916629,0.1632674407958987,0.5346534653465347,0.0313624980856504,-5.32817295766562,15,XGBoost,d18O_measurement,596,Bunker cave
148,-0.6201888893690617,0.3037751440255197,0.3575693302940654,0.2898386467993259,0.2905405405405405,-1.514525028198874,0.4221967968874883,16,XGBoost,d18O_measurement,608,Santo Tomas cave
73,-1.9651321246339508,0.4591510508811637,0.5496493548255447,0.4680930709838868,0.7397260273972602,-0.2122269665262074,-4.166272010509569,17,XGBoost,d18O_measurement,692,Abaco Island cave
65,0.1039594096006936,0.5575865836510291,0.7059577725672037,0.4749542522430419,0.2307692307692307,0.8446228907733865,-0.310822856031927,18,XGBoost,d18O_measurement,694,Botuverá cave
30,-0.2072501245550808,0.2877687025705974,0.3461856315600358,0.290650728225708,0.5666666666666667,0.5900619119093717,-2.0683167188226568,19,XGBoost,d18O_measurement,714,Pere Noel cave
30,-6.816222838698596,1.1011822853088378,1.1851023390124602,1.1223836517333985,1.0,-5.447104853334373,-30.63849247583652,20,XGBoost,d18O_measurement,722,Rio Secreto cave system
30,0.5415946219062622,0.2041376228882167,0.2401325392528613,0.2032703325957214,0.2333333333333333,1.0113625314543513,0.1466949610120078,21,XGBoost,d18O_measurement,748,Cueva Rosa
30,-5.039825443219418,0.3248585059483845,0.3686775159372633,0.2952686042785646,0.9,-0.1571601501150789,-4.15747423989413,22,XGBoost,d18O_measurement,751,Cueva Rosa
30,-0.8076617324317528,0.2635582776997694,0.3422953379008051,0.2289836983958215,0.3666666666666666,0.3320531530269741,-5.054004959947305,23,XGBoost,d18O_measurement,764,Goda Mea cave
30,-0.4989219445782293,0.4853057861951206,0.6163514108007915,0.3904087269203122,0.6333333333333333,1.6669423375817851,3.4089698253032443,24,XGBoost,d18O_measurement,773,Herbstlabyrinth cave
30,-0.4440652062441741,0.0938942139943441,0.1094325011305752,0.0848783779144288,0.5333333333333333,-1.4026613420270686,-11.962479790578165,25,XGBoost,d18O_measurement,783,Hüttenbläserschachthöhle
34,-0.3523114809930741,0.2047960598620246,0.2645733603213498,0.1376042922210691,0.4705882352941176,-0.2159101182572324,-6.460188588115486,26,XGBoost,d18O_measurement,784,Hüttenbläserschachthöhle
30,-1.891327927048656,0.4418218607992495,0.498744616495918,0.5201998853683472,0.6,0.5637562662379443,-1.260776581900807,27,XGBoost,d18O_measurement,804,La Vallina
188,-0.016969165568186,0.4351284583705537,0.5234794365530143,0.416185530424118,0.3031914893617021,0.4529610927510447,-0.4313713652685857,28,XGBoost,d18O_measurement,812,Larga cave
30,-1.7368989206651433,0.2872911351809251,0.3496722225514485,0.2891887118768812,0.6666666666666666,0.2540897011428358,-7.326267184670467,29,XGBoost,d18O_measurement,836,Pir Ghar cave
30,-2.127500058757355,0.3030839753232229,0.4005640984119989,0.2046869655640764,0.5666666666666667,-0.8949935608995085,-9.301195276720575,30,XGBoost,d18O_measurement,842,Sa balma des quartó cave
30,-0.3349599482862049,0.1734510867062168,0.2216006810957557,0.1429760048331543,0.2333333333333333,0.0303004903819255,-4.275857096590879,31,XGBoost,d18O_measurement,843,Sa balma des quartó cave
40,-0.5567380488793514,0.3075623190301987,0.3875572334899759,0.2484650225542362,0.625,0.7379614503945442,-1.0343629072134697,32,XGBoost,d18O_measurement,844,Sa balma des quartó cave
30,0.3568715571458702,0.1606796866536967,0.2171323776835508,0.1093131032557974,0.2666666666666666,1.8437100205410923,4.445238234280121,33,XGBoost,d18O_measurement,845,Sa balma des quartó cave
30,-0.8642259280800537,0.2978966623408,0.3930217304882989,0.2061362857818605,0.5666666666666667,0.4968779236333963,-2.04088664155664,34,XGBoost,d18O_measurement,879,Yonderup cave
30,-0.503629557763384,0.4016990588061596,0.4853488653751147,0.3501684961646725,0.4333333333333333,0.3368613941485563,-4.313105475723907,35,XGBoost,d18O_measurement,881,Zoolithen cave
30,-0.1456978171597927,0.4256846364280843,0.5291348370871739,0.3589594325688474,0.3666666666666666,0.6156409043695196,-2.78154208270666,36,XGBoost,d18O_measurement,882,Zoolithen cave
30,-7.243372987356405,0.4132572909569419,0.4622206830667434,0.4216550651607851,0.9666666666666668,-0.847791472077434,-14.428072703114896,37,XGBoost,d18O_measurement,883,Bigonda cave
41,-0.6156986230551016,0.2699890392347487,0.3140926811922192,0.266012559279237,0.5609756097560976,1.2219010633166898,1.4229211729146574,38,XGBoost,d18O_measurement,884,Bigonda cave
32,-2.203752551563245,0.3210834208130836,0.3579508725275607,0.3420769596099855,0.8125,1.522722514529474,2.447502064795465,39,XGBoost,d18O_measurement,887,Kocain cave
30,-0.1608702273633373,0.0852788314737701,0.1135263107478642,0.0605816099049572,0.4,0.612178288715826,-1.6706522339584078,40,XGBoost,d18O_measurement,888,Labyrinth cave
30,0.0165553925078557,0.2761043650309245,0.3057652099227351,0.2598791313171391,0.4333333333333333,0.5985024261803817,-3.666756644565704,41,XGBoost,d18O_measurement,889,Lake Shasta cave
77,0.0781078963160307,0.2061774979628525,0.2454558614832309,0.1989839935302733,0.2987012987012987,0.7308802498671918,-2.322107965678657,42,XGBoost,d18O_measurement,890,Lake Shasta cave
39,-0.0021182345358832,0.52071035421616,0.6190751163738525,0.4909037599945067,0.2307692307692307,0.5225069779211233,-1.2464322131961,43,XGBoost,d18O_measurement,892,Naharon
30,0.2733689610315792,0.2561560714467367,0.2953726038657482,0.2339524967193602,0.3666666666666666,0.9008127851492532,-0.5572193161338257,44,XGBoost,d18O_measurement,894,Savi cave
30,-0.3399306222610365,0.3943775501942104,0.4662207238957291,0.3631730274966482,0.6666666666666666,1.2972660655854773,1.929567466612351,45,XGBoost,d18O_measurement,895,Savi cave
55,-0.1321864273101571,0.7931403601351663,0.982926837727136,0.5891624484355056,0.5272727272727272,0.175599215727959,-9.449442115631737,0,CatBoost,d18O_measurement,17,Kesang cave
30,-0.149098661852272,0.4657949820607347,0.5223766924695458,0.4242406058082282,0.4666666666666667,0.7289936487327965,-1.000635579682438,1,CatBoost,d18O_measurement,32,Villars cave
30,-0.8322742980183708,0.4923572849250278,0.6060429975197656,0.3763124893990714,0.7333333333333333,0.0622174935755872,-6.298431292354722,2,CatBoost,d18O_measurement,101,Mairs cave
61,-1.1935051238437384,0.3886341078323637,0.4909146396549458,0.3192562349538548,0.6885245901639344,-4.704795327518666,-32.48052797373794,3,CatBoost,d18O_measurement,102,Mairs cave
30,0.0753567606772721,0.2211655098140144,0.3104638315053696,0.1283915821760552,0.4,2.09120381982974,2.594171000627276,4,CatBoost,d18O_measurement,156,Abaco Island cave
30,-2.486891138206716,0.7025749505407108,0.8412864936010919,0.6591789368891938,0.9333333333333332,0.0432591614059693,-2.0447590015247217,5,CatBoost,d18O_measurement,158,Abaco Island cave
41,-2.433478053710578,0.7472864256663759,0.8325154937950114,0.8703797145673882,0.8048780487804879,-1.6685162006206316,-13.223592326088482,6,CatBoost,d18O_measurement,169,Dim cave
30,-0.9047777577919284,0.1666232273916347,0.2122805232513532,0.0950000000000002,0.7666666666666667,-0.1829592339980861,-7.286357868689386,7,CatBoost,d18O_measurement,226,Liang Luar
30,-2.345718601054485,0.2623644237356673,0.3051774593765218,0.2382237571512124,0.7,0.0625795219993351,-11.520465244513494,8,CatBoost,d18O_measurement,290,Kinderlinskaya cave
160,-0.1447879289333302,0.1409142887443738,0.1806475556156522,0.1186035597000034,0.45625,0.7264522800085927,-2.1423553379043305,9,CatBoost,d18O_measurement,390,Closani cave
30,0.1522187712807213,0.5191885386887172,0.6413491695636339,0.4938702243448691,0.3666666666666666,3.4245179417216,9.539203230430983,10,CatBoost,d18O_measurement,394,Kotumsar cave
30,0.0199541550797652,0.1998220768273967,0.2634310682299494,0.1459670333928984,0.4333333333333333,1.526256910505846,4.126530268927978,11,CatBoost,d18O_measurement,561,Cobre cave
43,0.0125788084036099,0.4338461187547661,0.5302359734129195,0.3789102160918833,0.5116279069767442,1.4854092453981462,2.1981665081987005,12,CatBoost,d18O_measurement,573,Gejkar cave
30,-0.9557110320417228,0.2646607804856897,0.3211618122539452,0.2713056914813503,0.7,-1.4485407308692384,-20.299189737687776,13,CatBoost,d18O_measurement,574,Gol-E-Zard cave
30,0.0479656603066485,0.3659678064011978,0.4263947545358904,0.3345464254235546,0.4333333333333333,1.2643095452420796,1.525118548804258,14,CatBoost,d18O_measurement,575,Jersey cave
101,-0.1628492563743884,0.1801356743212925,0.2158638654813445,0.1788180939144936,0.396039603960396,-3.2128043602620284,-23.200664797095776,15,CatBoost,d18O_measurement,596,Bunker cave
148,-0.3823959219501485,0.2683154719488895,0.330288656357921,0.2433601997115947,0.4256756756756756,-1.1421172069858498,0.3039238862592634,16,CatBoost,d18O_measurement,608,Santo Tomas cave
73,-0.817330005680813,0.3546020682266115,0.4303091650557319,0.3515711387851934,0.7534246575342466,1.995282556150917,2.8847062735555906,17,CatBoost,d18O_measurement,692,Abaco Island cave
65,0.2464945974181916,0.5522143003683792,0.6473781953715105,0.5373302597163963,0.2,0.8815463173721599,-0.4508942027029192,18,CatBoost,d18O_measurement,694,Botuverá cave
30,-0.9105697419972332,0.382116459132063,0.4355037077460522,0.3666930955952181,0.6666666666666666,-1.1778450832598149,-11.77443870751079,19,CatBoost,d18O_measurement,714,Pere Noel cave
30,-1.4397331997127942,0.5668423549824702,0.6621075757658467,0.5028958623681152,0.8666666666666667,0.2928050714538728,-4.167425158740894,20,CatBoost,d18O_measurement,722,Rio Secreto cave system
30,-0.2540067359739217,0.339149046585389,0.3971696881181475,0.3283800938976795,0.4333333333333333,1.011008429711521,-0.2740745332947032,21,CatBoost,d18O_measurement,748,Cueva Rosa
30,-5.977823785621589,0.3653386821762506,0.3962729773371289,0.3499571871683682,0.9666666666666668,0.4135656281575559,-1.9311610025164916,22,CatBoost,d18O_measurement,751,Cueva Rosa
30,0.2818519955073775,0.1803057337694381,0.2157492928545209,0.1454397453948428,0.2666666666666666,0.8675671014013443,-0.992183979221136,23,CatBoost,d18O_measurement,764,Goda Mea cave
30,-0.0735623600711845,0.4236123662087959,0.5216179448242705,0.3696124625812897,0.5666666666666667,6.306152524285159,30.717093613203613,24,CatBoost,d18O_measurement,773,Herbstlabyrinth cave
30,-1.1263359372480055,0.112170813394631,0.1327910677268962,0.1108135039851569,0.6666666666666666,1.4481098567837485,2.374714149907435,25,CatBoost,d18O_measurement,783,Hüttenbläserschachthöhle
34,-0.0906054884970397,0.2003221110690653,0.237597345992148,0.1853290683709505,0.3823529411764705,-0.2437358325061744,-6.584658526309171,26,CatBoost,d18O_measurement,784,Hüttenbläserschachthöhle
30,-2.133960551775569,0.4369108868152473,0.5192497644027059,0.4539331736484664,0.6333333333333333,0.5103604992670167,-1.4561214465815262,27,CatBoost,d18O_measurement,804,La Vallina
188,0.0389360245832441,0.3854410106067741,0.5088876166733247,0.3091736638835006,0.3936170212765957,2.1147501766751486,1.1482036295359743,28,CatBoost,d18O_measurement,812,Larga cave
30,-3.915407666347648,0.409784542709427,0.4686099719202937,0.4020650458254158,0.8,0.3347816039487526,-6.610627754049915,29,CatBoost,d18O_measurement,836,Pir Ghar cave
30,-0.3033463866245167,0.2058912993977897,0.2585849738525965,0.1607989358220338,0.4666666666666667,-0.398123171122786,-6.990662195047637,30,CatBoost,d18O_measurement,842,Sa balma des quartó cave
30,-0.738019778139841,0.2006790530508745,0.2528507987854816,0.1974689523423389,0.5,0.3001875312732535,-3.1324758554598278,31,CatBoost,d18O_measurement,843,Sa balma des quartó cave
40,0.0533374240011672,0.2483752699235427,0.302221725840662,0.2577438699648477,0.425,4.131843219796302,14.707212372334745,32,CatBoost,d18O_measurement,844,Sa balma des quartó cave
30,-0.3462371015033973,0.2941950150798144,0.3141495972099528,0.3007819480279567,0.8,3.7166683330477577,12.623607422618983,33,CatBoost,d18O_measurement,845,Sa balma des quartó cave
30,-1.4983244376105085,0.3504840805074291,0.4549793748063317,0.2687935793193612,0.7333333333333333,-1.5661084144510964,-9.235820528737566,34,CatBoost,d18O_measurement,879,Yonderup cave
30,-0.5332472255216572,0.4308309560562749,0.4901056230620524,0.4404264262261317,0.5333333333333333,-0.4102927073944962,-9.42959201579188,35,CatBoost,d18O_measurement,881,Zoolithen cave
30,0.0049893770499429,0.4301068971342022,0.4931115458565913,0.4635205454371474,0.5,1.5552748183984606,3.640170420512595,36,CatBoost,d18O_measurement,882,Zoolithen cave
30,-0.1959598669650613,0.1545607177973183,0.176057772466108,0.1447728081192445,0.3,0.2625926333387696,-5.899176793818922,37,CatBoost,d18O_measurement,883,Bigonda cave
41,-1.8449814037525083,0.3543858805540277,0.4167900623388424,0.3715837866908558,0.8048780487804879,1.0380072535246787,-0.0582235140567908,38,CatBoost,d18O_measurement,884,Bigonda cave
32,-0.1247050244844576,0.1749931760056193,0.2120866149361507,0.1856961464899797,0.5,0.7417443022277493,-0.913890312806716,39,CatBoost,d18O_measurement,887,Kocain cave
30,-0.5832883530522133,0.1086627674908353,0.1325820399255218,0.1003657315656796,0.4333333333333333,0.5538635253765571,-1.933532499818534,40,CatBoost,d18O_measurement,888,Labyrinth cave
30,-0.3258442772606917,0.2943383808645582,0.3550253606351616,0.2671941053750313,0.4333333333333333,-0.9175432257711928,-17.419772399024055,41,CatBoost,d18O_measurement,889,Lake Shasta cave
77,0.0958082166054028,0.19400361721862,0.2430880657933342,0.1745730837804409,0.4285714285714285,1.7758155130722435,7.054039382242058,42,CatBoost,d18O_measurement,890,Lake Shasta cave
39,-0.1084455600514699,0.5155109692395737,0.6510900368659184,0.3832103081244105,0.358974358974359,0.7611064629611096,-0.874547246711681,43,CatBoost,d18O_measurement,892,Naharon
30,0.295814532862495,0.2557066470128372,0.2907748014405954,0.2675987237898884,0.4666666666666667,2.6513948518029777,10.233843438825042,44,CatBoost,d18O_measurement,894,Savi cave
30,0.0318710500548492,0.3538152710731481,0.396293566205221,0.3740170741322739,0.5333333333333333,1.6582355910465596,3.649370024560695,45,CatBoost,d18O_measurement,895,Savi cave
55,0.4922060300732958,0.723681394254163,0.9603058131013038,0.5107950556483667,0.4,1.4404480445648942,2.267368866883718,0,RandomForest,d13C_measurement,17,Kesang cave
30,-1.7893586325391275,1.2525128267247203,1.462450166007981,1.2768838169110197,0.8333333333333334,-1.2665882495662433,-16.930511751673336,1,RandomForest,d13C_measurement,32,Villars cave
30,-0.1422648634252525,0.3600999000052006,0.4462057121901177,0.3035064727075021,0.7,17.092705682708853,132.1907808837707,2,RandomForest,d13C_measurement,101,Mairs cave
61,-0.7498295217069009,0.3988311038499741,0.5047478397480123,0.3513953924888666,0.5573770491803278,0.0192413404046419,-1.0513651588076445,3,RandomForest,d13C_measurement,102,Mairs cave
30,-0.3068238498057101,0.299427063816395,0.3885264728692336,0.231248549335461,0.7,-15.309694373564144,-51.84932820350896,4,RandomForest,d13C_measurement,156,Abaco Island cave
30,-0.8143741400988842,0.7005837683244995,0.9395287046473928,0.3523770511507967,0.6666666666666666,0.338944563550806,-0.558748699295159,5,RandomForest,d13C_measurement,158,Abaco Island cave
41,-4.40937198629853,2.9089916576774084,3.15689599659903,3.140656509592196,0.926829268292683,0.0485670892380797,-4.956415399939108,6,RandomForest,d13C_measurement,169,Dim cave
30,-4.425889475286947,1.1307798831698743,1.2520257558601702,1.1996665498365413,1.0,,,7,RandomForest,d13C_measurement,226,Liang Luar
30,-0.2599216070610568,0.4679732615798635,0.580986022034945,0.3849999999999998,0.5666666666666667,-4.028701267727147,-43.60689441250017,8,RandomForest,d13C_measurement,290,Kinderlinskaya cave
160,-0.59543924566154,0.1883917436943656,0.2242936319858351,0.1850000000000005,0.7875,52.18680225011792,548.0550565872317,9,RandomForest,d13C_measurement,390,Closani cave
30,-1.834063576941317,0.629802511602482,0.746092602794515,0.6330490299287845,0.8333333333333334,1.5116954307255477,5.5034774113043134,10,RandomForest,d13C_measurement,394,Kotumsar cave
30,-0.1125131077184329,0.4715514946893863,0.652381451004907,0.317022898716035,0.6333333333333333,-36.27498630097755,-195.20037939584705,11,RandomForest,d13C_measurement,561,Cobre cave
43,-0.2001394733316901,1.1176702814715478,1.335891345129688,0.9972588277063243,0.627906976744186,6.28394913549313,30.77941880807168,12,RandomForest,d13C_measurement,573,Gejkar cave
30,-0.3745674202722149,0.3058060098394197,0.3608870564861369,0.3251901901316172,0.6333333333333333,0.456401702273844,-3.3236891895234515,13,RandomForest,d13C_measurement,574,Gol-E-Zard cave
30,-0.6432991297113959,0.617961588018119,0.7843262216422479,0.5948253737702238,0.3333333333333333,0.2524912344053763,-2.993367771057549,14,RandomForest,d13C_measurement,575,Jersey cave
101,-3.791296520391613,0.3643856530953981,0.4095371136744481,0.3526566787002192,0.99009900990099,-7.900069184438608,-78.12456201096836,15,RandomForest,d13C_measurement,596,Bunker cave
148,-0.036578841771784,0.5341636367061072,0.6659038108327311,0.4670871986691505,0.6013513513513513,14.181482956750497,52.19560370293071,16,RandomForest,d13C_measurement,608,Santo Tomas cave
73,-1.910200940131769,0.6665082998530465,0.8085600138948792,0.5914550802375289,0.5616438356164384,0.1958737937834129,-0.748976319940938,17,RandomForest,d13C_measurement,692,Abaco Island cave
65,-0.4298815306409664,0.3676456327597942,0.4684396200704885,0.3254734306897777,0.3846153846153846,0.2664297110540363,-3.773422416480432,18,RandomForest,d13C_measurement,694,Botuverá cave
30,-0.1095695912197232,0.8071995322771082,1.0123559942252516,0.6742785076755307,0.5,-0.9709368558214064,-14.5953080540648,19,RandomForest,d13C_measurement,714,Pere Noel cave
30,-0.1629819565754919,0.7860635495104783,0.9162609131212588,0.9288735103026804,0.6333333333333333,-14.294192696308851,-147.1564684620808,20,RandomForest,d13C_measurement,722,Rio Secreto cave system
30,-0.1745115962470009,1.1654472947682182,1.583113125788863,0.908471681108185,0.6,1.294791224146823,2.001210748243764,21,RandomForest,d13C_measurement,748,Cueva Rosa
30,-1.3602729493257724,1.688763877191307,1.9445835243026883,1.7908702155515976,0.7333333333333333,-0.7689474957686284,-5.500102847466234,22,RandomForest,d13C_measurement,751,Cueva Rosa
30,-4.679113461604074,0.5520995393038229,0.5999710151069721,0.5007814946095803,0.8333333333333334,0.570311627624433,-1.9258316434835048,23,RandomForest,d13C_measurement,764,Goda Mea cave
30,-0.2448902907846315,0.2664024488350409,0.326220780242394,0.2346993489915281,0.6666666666666666,-14.881885534292916,-125.06007275180184,24,RandomForest,d13C_measurement,773,Herbstlabyrinth cave
30,-1.4809306375797011,0.2525893896111659,0.2853414322912291,0.2620416759150163,0.8666666666666667,-8.586732327606455,-79.5179413972877,25,RandomForest,d13C_measurement,783,Hüttenbläserschachthöhle
34,-0.2078626477658045,0.3971598137042341,0.4817125548325439,0.3618286814745399,0.6470588235294118,51.90314159375662,476.76492630923553,26,RandomForest,d13C_measurement,784,Hüttenbläserschachthöhle
30,-0.685992253949053,1.064981858850774,1.2636776012369806,1.0458193702213707,0.6333333333333333,-3.052895591657012,-25.46792846397156,27,RandomForest,d13C_measurement,804,La Vallina
188,0.0434009616641507,0.5975264679933003,0.7875308123570832,0.4913995837339051,0.648936170212766,4.94052621682096,40.75910690084475,28,RandomForest,d13C_measurement,812,Larga cave
30,-0.0398456231640929,0.2804733093399175,0.3458556971770867,0.2137603119157352,0.6,1.0413371152407729,-0.0185929093509615,29,RandomForest,d13C_measurement,836,Pir Ghar cave
30,-0.1695251256022021,0.2655229758669421,0.3447814620029685,0.1821254935500924,0.5666666666666667,1.2501661658073582,1.9411615965632247,30,RandomForest,d13C_measurement,842,Sa balma des quartó cave
30,-0.101694437723754,0.3729953833933025,0.4698660378419828,0.2844237108465521,0.5333333333333333,0.846112874048749,-1.203947371941311,31,RandomForest,d13C_measurement,843,Sa balma des quartó cave
40,-0.0917428627196261,0.5262663974180247,0.6822909985605325,0.4383653425439848,0.5,25.48035540455832,190.11490289391764,32,RandomForest,d13C_measurement,844,Sa balma des quartó cave
30,-1.237891611219482,0.9436473785496656,1.0748591709414812,0.9211794661854612,0.8,38.59109987771653,285.1464979065805,33,RandomForest,d13C_measurement,845,Sa balma des quartó cave
30,-2.075416828908142,0.7864221023168348,0.8737476644097645,0.7307903957994535,0.8333333333333334,-0.4830208568880172,-10.043634564288276,34,RandomForest,d13C_measurement,879,Yonderup cave
30,-1.8409419690461544,0.4389792618594003,0.5406646031754679,0.4153378286323885,0.7333333333333333,-1.7691900954423212,-24.45909310248221,35,RandomForest,d13C_measurement,881,Zoolithen cave
30,-0.2700802196568326,0.9739056409771254,1.2075566506694777,0.7249660815344443,0.5666666666666667,5.106171582213864,35.0864269639344,36,RandomForest,d13C_measurement,882,Zoolithen cave
30,0.2078372281665077,0.5103406554703572,0.6279740581100054,0.4620444166138422,0.4333333333333333,1.0032017328502312,0.0047444142474191,37,RandomForest,d13C_measurement,883,Bigonda cave
41,-0.6313223864995983,0.4426980702973822,0.5615159429822458,0.3927555938758722,0.4146341463414634,0.407767962022469,-4.407651167332963,38,RandomForest,d13C_measurement,884,Bigonda cave
32,-1.4479087797113737,0.906066136433964,1.1156407483686357,0.8511518622165992,0.875,20.342344406880297,123.94623518671948,39,RandomForest,d13C_measurement,887,Kocain cave
30,-4.352235412016756,0.6304219239688632,0.7048546587552842,0.5630373556158235,1.0,-17.842849336425257,-197.8447624817817,40,RandomForest,d13C_measurement,888,Labyrinth cave
30,-0.1399574622043822,0.7254010792761326,0.8806328414811154,0.6243688210868763,0.6333333333333333,-82.2801190679068,-391.8191667788389,41,RandomForest,d13C_measurement,889,Lake Shasta cave
77,-0.7611396081270208,0.9099510945439632,1.0462040952292455,0.7437193273072387,0.7662337662337663,1.38361518084195,2.8284074186436907,42,RandomForest,d13C_measurement,890,Lake Shasta cave
39,-0.9833325328496132,0.7817757354656164,0.9560143414361084,0.7055854611916192,0.7948717948717948,4.272287906419026,24.00795218699896,43,RandomForest,d13C_measurement,892,Naharon
30,-8.49379941953976,0.4464208580704639,0.4719823138441818,0.4270772077128759,1.0,-66.68978913346996,-675.7481288823938,44,RandomForest,d13C_measurement,894,Savi cave
30,-5.681239767575041,0.4285012574327756,0.4646854456622875,0.3931245907661083,1.0,,,45,RandomForest,d13C_measurement,895,Savi cave
55,0.6061919575198105,0.6600229176607998,0.8456839314158202,0.5309019851684571,0.2363636363636363,1.110805999986743,0.8261248928824312,0,XGBoost,d13C_measurement,17,Kesang cave
30,-1.0649334140041449,1.0369642044855265,1.2582934160056871,1.1600809022793603,0.4666666666666667,-0.4950053174000302,-11.81886774977058,1,XGBoost,d13C_measurement,32,Villars cave
30,-0.8359015308863751,0.4815279052734374,0.5656872739902706,0.4688983631134027,0.6333333333333333,0.2843690503082758,-6.103080924399132,2,XGBoost,d13C_measurement,101,Mairs cave
61,0.0558567703465595,0.3001517644866567,0.3707622771445865,0.240031704902649,0.3114754098360656,0.7938185019460464,-0.2117474634853913,3,XGBoost,d13C_measurement,102,Mairs cave
30,-1.0830833684743926,0.4016500444412232,0.4905298216044166,0.3183343839645387,0.8666666666666667,1.3539482779951986,0.7035207710304143,4,XGBoost,d13C_measurement,156,Abaco Island cave
30,-0.5689848083065157,0.6400621314048768,0.8736872518606893,0.4000449919700622,0.5333333333333333,0.2441121950063086,-0.7570792740630016,5,XGBoost,d13C_measurement,158,Abaco Island cave
41,-2.813396501722098,2.4171028827574195,2.650591692602403,2.70753842163086,0.8536585365853658,1.4197155426964634,5.620889582014288,6,XGBoost,d13C_measurement,169,Dim cave
30,-1.021240751651194,0.6176207905069987,0.7641644228065227,0.4447993637084959,0.8333333333333334,0.058528145077866,-11.243610161945076,7,XGBoost,d13C_measurement,226,Liang Luar
30,-1.0493147819847528,0.6317736117045086,0.7409659621276002,0.5452478599548343,0.5666666666666667,-0.1286703551636881,-9.668863246209945,8,XGBoost,d13C_measurement,290,Kinderlinskaya cave
160,-0.5861163007114476,0.1792410757541656,0.223637342205944,0.1567135810852047,0.48125,0.0524688406102185,-10.283349984868684,9,XGBoost,d13C_measurement,390,Closani cave
30,0.0581229610479089,0.3496678123474123,0.4301154517926514,0.3215862655639654,0.3333333333333333,0.8310982938308056,-1.6639996353730764,10,XGBoost,d13C_measurement,394,Kotumsar cave
30,-0.0916581258724196,0.4882476751555582,0.6462378069028152,0.4242745155578613,0.3,0.0290520300165061,-4.894083340418008,11,XGBoost,d13C_measurement,561,Cobre cave
43,-0.3804676683591599,1.1932832246327951,1.4327433318401626,1.06597322845459,0.5348837209302325,1.4847745456551655,1.8085778866376887,12,XGBoost,d13C_measurement,573,Gejkar cave
30,-0.5630732830206966,0.2988054510149169,0.384838003498598,0.2411218169991453,0.2666666666666666,-0.1071697205968153,-6.949175106127479,13,XGBoost,d13C_measurement,574,Gol-E-Zard cave
30,-0.3970511695711975,0.6268707403269868,0.7231769554911558,0.633664762524409,0.5,0.6431239173992229,-1.1196662922947225,14,XGBoost,d13C_measurement,575,Jersey cave
101,-0.6407045243591767,0.2043802910984152,0.2396524805136191,0.1990250015258787,0.504950495049505,0.1969675163757542,-7.282826329591542,15,XGBoost,d13C_measurement,596,Bunker cave
148,-0.7447074794649406,0.7101325813499657,0.8639162474350753,0.6580053186416626,0.527027027027027,-2.218797702612745,-12.401837760805993,16,XGBoost,d13C_measurement,608,Santo Tomas cave
73,-0.7148409610051236,0.4944503335552673,0.6206727751066949,0.4127135944366455,0.5205479452054794,0.5470028768005311,-0.5813901215779171,17,XGBoost,d13C_measurement,692,Abaco Island cave
65,-0.3635023363936065,0.3612695174584021,0.4574372582931509,0.3140139770507808,0.1538461538461538,0.1737349365414522,-4.2160314339430585,18,XGBoost,d13C_measurement,694,Botuverá cave
30,-0.0974804521996168,0.8125151631673179,1.006825908060136,0.5582365398406983,0.5333333333333333,0.4972998969697462,-3.795605169895749,19,XGBoost,d13C_measurement,714,Pere Noel cave
30,-0.9803610217146276,1.024664763132731,1.1956521712253625,0.9439418601989744,0.7333333333333333,-1.8844709382992315,-27.108748717192967,20,XGBoost,d13C_measurement,722,Rio Secreto cave system
30,-1.3272165008183174,1.5954252052058338,2.228443815632347,1.1346003632614583,0.3666666666666666,-0.3331094276646184,-5.563325026205195,21,XGBoost,d13C_measurement,748,Cueva Rosa
30,-6.308157731827677,3.0022995633761083,3.421759198200405,2.9497596015930174,0.7,-0.1677844421691086,-3.3317181493441,22,XGBoost,d13C_measurement,751,Cueva Rosa
30,-0.9662300895409276,0.2739193674285076,0.3530263854955075,0.2422736571683299,0.5333333333333333,0.5588478603743599,-1.7964074464031687,23,XGBoost,d13C_measurement,764,Goda Mea cave
30,-3.2354424840768514,0.5421023125632602,0.6017214266101546,0.5519648349641817,0.9333333333333332,0.3630030846675814,-4.741058320696432,24,XGBoost,d13C_measurement,773,Herbstlabyrinth cave
30,-1.254904562038483,0.2338562456766762,0.272033010877139,0.2403741073608394,0.8333333333333334,1.1064810019277445,0.6696972137789601,25,XGBoost,d13C_measurement,783,Hüttenbläserschachthöhle
34,-0.2488541638234096,0.409062826717601,0.4898183521333944,0.3573029852294924,0.3823529411764705,-0.1890211382514372,-10.876615138739352,26,XGBoost,d13C_measurement,784,Hüttenbläserschachthöhle
30,-0.2519988462328451,0.8775181802113852,1.0889563318449758,0.752856149673462,0.5666666666666667,0.8057932111493046,-0.6695808683519164,27,XGBoost,d13C_measurement,804,La Vallina
188,-0.0271419804724544,0.6077290624253293,0.8160519832015374,0.4287766838073725,0.2127659574468085,0.4718417803648275,-5.534594719953228,28,XGBoost,d13C_measurement,812,Larga cave
30,-1.7202026865517248,0.4410961967610071,0.5593854071239296,0.3447806652686218,0.2666666666666666,-0.3459124523490262,-3.438380261499623,29,XGBoost,d13C_measurement,836,Pir Ghar cave
30,-0.4588786958306854,0.2901776133262606,0.3850780108951182,0.2227772692248439,0.2,0.248115172814145,-6.361040400166964,30,XGBoost,d13C_measurement,842,Sa balma des quartó cave
30,-1.2065650706473767,0.5477098180848602,0.6649696841040529,0.4890905564018837,0.6,0.2452420790902894,-5.340347943922088,31,XGBoost,d13C_measurement,843,Sa balma des quartó cave
40,-0.6895425205621659,0.6617990910575384,0.8487778236053394,0.4579901747211301,0.525,0.6147005824236487,-2.5721430473542397,32,XGBoost,d13C_measurement,844,Sa balma des quartó cave
30,0.5739915499210013,0.4249389341528247,0.4689657747654802,0.4372429548284033,0.4333333333333333,1.5364078124144378,4.080446131378206,33,XGBoost,d13C_measurement,845,Sa balma des quartó cave
30,-0.5421794869796566,0.5293252830505372,0.6187304583868324,0.575305643081665,0.6,0.6062971044752327,-2.9843539900299345,34,XGBoost,d13C_measurement,879,Yonderup cave
30,-8.806209527578215,0.8268727765995199,1.0044939851805657,0.8464239017598434,0.7,-0.2280410249618336,-10.713777444473962,35,XGBoost,d13C_measurement,881,Zoolithen cave
30,-0.2404779112547974,0.9686458444794273,1.193401160057122,0.7361785991411134,0.4666666666666667,0.8810385269183928,-1.609058638531434,36,XGBoost,d13C_measurement,882,Zoolithen cave
30,0.3319227429609646,0.4459959890436299,0.576697186550693,0.3138961680057091,0.2666666666666666,0.8263160061452107,-1.1893091258668278,37,XGBoost,d13C_measurement,883,Bigonda cave
41,-0.1073230615762554,0.3415004447442625,0.4626252853568911,0.2186107873641365,0.2926829268292683,0.3437444086137977,-4.714869904849037,38,XGBoost,d13C_measurement,884,Bigonda cave
32,-4.297915595493525,1.4441252511739733,1.641267126072592,1.4694315910339355,0.90625,-0.1639385946098217,-6.64371291651817,39,XGBoost,d13C_measurement,887,Kocain cave
30,-0.633127179296372,0.2977094193932582,0.3893516094881465,0.1836413929154812,0.4,-0.5067077087960531,-16.645905942046653,40,XGBoost,d13C_measurement,888,Labyrinth cave
30,-0.5200458279595792,0.8579912700653075,1.016901517752201,0.6967793560028077,0.6,-1.8105872754357228,-13.189322368914183,41,XGBoost,d13C_measurement,889,Lake Shasta cave
77,-0.3096164820960838,0.7478123968297785,0.9021766645120612,0.7443050003051761,0.3896103896103896,0.7789668773789534,-0.4401426280153591,42,XGBoost,d13C_measurement,890,Lake Shasta cave
39,0.3233158052467619,0.4517215338408641,0.5584183175872255,0.4024037185668945,0.1794871794871795,0.8437862873486072,-0.9422925345123474,43,XGBoost,d13C_measurement,892,Naharon
30,-0.6532727872711872,0.1654108190917969,0.1969599646971609,0.1633423423767084,0.4666666666666667,-1.4170347874343954,-25.07285039843273,44,XGBoost,d13C_measurement,894,Savi cave
30,-0.23025710577639,0.1384004022725423,0.1994015282853748,0.0868038223266598,0.4,0.9799655783788124,-0.0834555567532273,45,XGBoost,d13C_measurement,895,Savi cave
55,0.0116675576576796,1.0789646603307204,1.3397300970217447,0.9406887848101312,0.4363636363636363,0.7456219062232554,-1.7335078516348543,0,CatBoost,d13C_measurement,17,Kesang cave
30,-0.4560016481081483,0.8684734934935865,1.056598114848483,0.8375787902217646,0.2333333333333333,-0.6951687899075533,-13.732919233291842,1,CatBoost,d13C_measurement,32,Villars cave
30,-1.5938767385570665,0.5886051584702562,0.6723979550866552,0.5835646507556791,0.8666666666666667,0.6085129033805149,-3.603329510980192,2,CatBoost,d13C_measurement,101,Mairs cave
61,-0.2163194000831005,0.361681296257398,0.4208239186156838,0.3410186352058906,0.4098360655737705,0.5848908108356289,-0.5637975062263805,3,CatBoost,d13C_measurement,102,Mairs cave
30,-1.731888911254952,0.4454883481882347,0.5617506805642477,0.3504191992874987,0.8333333333333334,-1.574568589859206,-8.001444202943203,4,CatBoost,d13C_measurement,156,Abaco Island cave
30,-0.8412158556135516,0.7035361656548128,0.9464528485918576,0.4216160505512993,0.7666666666666667,-2.741038961686067,-6.01827816932844,5,CatBoost,d13C_measurement,158,Abaco Island cave
41,-3.5210191771585704,2.627971532180103,2.886057803864314,2.9705874756370285,0.8780487804878049,0.9128172462511446,1.901902437761942,6,CatBoost,d13C_measurement,169,Dim cave
30,-0.0816241769323047,0.4236391432840152,0.5590053760848084,0.3078527010576044,0.5666666666666667,1.654824011943988,8.11141978585807,7,CatBoost,d13C_measurement,226,Liang Luar
30,-0.5597844867595043,0.5349057890216932,0.6464370209010419,0.4798813682916805,0.5666666666666667,-0.1907453955817729,-10.202383006519376,8,CatBoost,d13C_measurement,290,Kinderlinskaya cave
160,-0.2546751859430005,0.1635817515906874,0.1989035170756855,0.156646148751582,0.4625,-0.2183540142822593,-13.200507843315757,9,CatBoost,d13C_measurement,390,Closani cave
30,-1.331208660528952,0.5518611509161423,0.6766724792495382,0.5379560478052907,0.7333333333333333,3.071142699591924,20.09298271230388,10,CatBoost,d13C_measurement,394,Kotumsar cave
30,-0.3090852592291357,0.5755769355674101,0.7076736129596253,0.5182690808312551,0.6,-2.619216090757679,-17.606783082499668,11,CatBoost,d13C_measurement,561,Cobre cave
43,-0.2573314730043718,1.1366105001372406,1.3673514939385425,0.9556174541559797,0.627906976744186,3.2282499124336166,12.127463934852864,12,CatBoost,d13C_measurement,573,Gejkar cave
30,-0.3498716513054591,0.3063396234671233,0.3576304765009778,0.2999157876485796,0.6333333333333333,2.4312707745949504,9.433429931720724,13,CatBoost,d13C_measurement,574,Gol-E-Zard cave
30,0.4080729241139462,0.3645737549104407,0.4707307021606274,0.2841928313681046,0.1666666666666666,1.000776993455065,-0.0048776833284298,14,CatBoost,d13C_measurement,575,Jersey cave
101,-0.0321572508693073,0.1517950272128304,0.1900814230015109,0.129364891963073,0.4059405940594059,0.6511977166146786,-3.2004863858973795,15,CatBoost,d13C_measurement,596,Bunker cave
148,-0.1329020379698891,0.5627509691309482,0.6961559018303974,0.5350237274988849,0.5675675675675675,2.6350660730132245,5.915794513904314,16,CatBoost,d13C_measurement,608,Santo Tomas cave
73,-0.5180088485934435,0.4677324080035805,0.5839664857635128,0.4110270487136611,0.5753424657534246,0.5570403513964125,-0.544196738468462,17,CatBoost,d13C_measurement,692,Abaco Island cave
65,-1.680985174806596,0.5371060770725802,0.641432259415773,0.5597577392808999,0.7384615384615385,-0.0188545270678317,-5.204959932737922,18,CatBoost,d13C_measurement,694,Botuverá cave
30,-0.0230766914630968,0.7632544157253653,0.9720980699616734,0.6077835109745524,0.4666666666666667,2.872180111607641,14.28478573432536,19,CatBoost,d13C_measurement,714,Pere Noel cave
30,-0.2213573416215242,0.8187287930412881,0.9389750349724972,0.9546429600662928,0.5666666666666667,-4.71401677090469,-55.21396918141928,20,CatBoost,d13C_measurement,722,Rio Secreto cave system
30,-0.173944988020829,1.1437834420976252,1.582731216775642,0.8834986890042684,0.5666666666666667,-0.8222365410379404,-7.807750648042607,21,CatBoost,d13C_measurement,748,Cueva Rosa
30,-2.376824499860822,2.0672727378288096,2.325946560078588,1.987792296470268,0.6666666666666666,-0.2963516767111379,-3.74073549961138,22,CatBoost,d13C_measurement,751,Cueva Rosa
30,-3.0761003858337723,0.4593864524417117,0.508291015015057,0.425222781228487,0.6666666666666666,0.6436921101255817,-1.6294882313412549,23,CatBoost,d13C_measurement,764,Goda Mea cave
30,-1.7677872973850568,0.4210192757948963,0.4864211365304332,0.4125733015709851,0.8666666666666667,-1.4194020983407574,-19.277926204330377,24,CatBoost,d13C_measurement,773,Herbstlabyrinth cave
30,-0.6118167664703871,0.1954523339214988,0.2299933929997312,0.1854347251740717,0.6666666666666666,-1.1129394210222514,-17.80350486685184,25,CatBoost,d13C_measurement,783,Hüttenbläserschachthöhle
34,-0.0686587923864414,0.3828849596460149,0.4531048610492995,0.3254513854735297,0.5,-2.42308179103246,-31.26274585460105,26,CatBoost,d13C_measurement,784,Hüttenbläserschachthöhle
30,-1.8632896527035976,1.340512174968514,1.6468010759705074,1.0959074272081963,0.6666666666666666,-0.376455004584481,-8.556271936039682,27,CatBoost,d13C_measurement,804,La Vallina
188,0.1048828794056306,0.5410166683758038,0.7618027158773784,0.4117668907997842,0.3936170212765957,1.4428424997014306,4.707336221118785,28,CatBoost,d13C_measurement,812,Larga cave
30,-0.3271240608681449,0.2515008750411428,0.3907205571196915,0.1543783725798491,0.4333333333333333,0.1862218737846727,-2.0422583670685333,29,CatBoost,d13C_measurement,836,Pir Ghar cave
30,-1.2485256691565525,0.4018096785800598,0.4780662155068902,0.3282943795738879,0.5666666666666667,0.3006161529116694,-6.005766618311391,30,CatBoost,d13C_measurement,842,Sa balma des quartó cave
30,-0.0963253250945876,0.3711891451716079,0.4687196923677221,0.303218110895302,0.5,0.6769642234494943,-2.123013727553933,31,CatBoost,d13C_measurement,843,Sa balma des quartó cave
40,-0.1751850336469198,0.5434471170787147,0.7078847998086488,0.4586191995181115,0.425,0.9216857826565136,-0.3309892467234832,32,CatBoost,d13C_measurement,844,Sa balma des quartó cave
30,-0.6910937550326539,0.8272549266153312,0.9343635434872584,0.8328834025481378,0.7333333333333333,5.852199115451531,36.76002845953904,33,CatBoost,d13C_measurement,845,Sa balma des quartó cave
30,-1.1455074346729837,0.66722299644831,0.7297919129304169,0.6650316001212881,0.8,-1.1572732867246478,-14.525115480829612,34,CatBoost,d13C_measurement,879,Yonderup cave
30,-4.708430088597798,0.633150771837649,0.7663993003893298,0.630663883744182,0.8,-1.1115027961455943,-18.81100234172547,35,CatBoost,d13C_measurement,881,Zoolithen cave
30,-0.1288888528866285,0.9266765050365408,1.1384593554467104,0.6758569586555851,0.5333333333333333,6.011586316611118,43.14509696110068,36,CatBoost,d13C_measurement,882,Zoolithen cave
30,0.3954088786389026,0.4239472648466076,0.5486120866527594,0.321433723485045,0.2666666666666666,1.4937734588234886,3.1220196082848046,37,CatBoost,d13C_measurement,883,Bigonda cave
41,-0.2470095501093825,0.3522642225877871,0.4909384909414847,0.2459104053007426,0.2195121951219512,0.0338254007062824,-6.967686540809303,38,CatBoost,d13C_measurement,884,Bigonda cave
32,-0.8696930347705991,0.798124079064303,0.9750163724386212,0.6474213897823069,0.6875,-11.866391854079044,-78.44025426045643,39,CatBoost,d13C_measurement,887,Kocain cave
30,-1.057664677874318,0.3267411964665597,0.4370380726379004,0.2136004556422346,0.5,-1.4245187455448376,-26.544353157746897,40,CatBoost,d13C_measurement,888,Labyrinth cave
30,-0.7646839241057277,0.9324502424073136,1.0956807191207896,0.818398059935163,0.7333333333333333,-2.5675503954271157,-16.304301063755865,41,CatBoost,d13C_measurement,889,Lake Shasta cave
77,-0.5751246060380257,0.8376960147347868,0.9894115626935148,0.6709915582282866,0.6883116883116883,1.7145822428842006,4.372163183326166,42,CatBoost,d13C_measurement,890,Lake Shasta cave
39,-0.7401026962167714,0.7643056972477447,0.8954762654880166,0.7106943560055399,0.6410256410256411,1.8000489874210457,6.411902390247272,43,CatBoost,d13C_measurement,892,Naharon
30,-1.1859334929075924,0.1947746034051302,0.2264770353031992,0.1950104806070092,0.7,1.4845377868565115,4.763612472562336,44,CatBoost,d13C_measurement,894,Savi cave
30,-0.3155720527860839,0.1517920631740182,0.2061996202015561,0.1046927289654222,0.4666666666666667,-0.4612072678695528,-13.65720677770353,45,CatBoost,d13C_measurement,895,Savi cave
55,0.2491160599268272,0.0845462149500837,0.0983821964526594,0.0740012503458891,0.4181818181818181,1.9494617679729864,-0.3730569105084781,0,RandomForest,Mg_Ca_measurement,17,Kesang cave
30,-5.696382624830195,0.8422863667215533,0.9149056914672428,0.8311553770263918,0.9666666666666668,-0.1819097617562717,1.0198375497738812,1,RandomForest,Mg_Ca_measurement,32,Villars cave
30,-940.712332933004,3.332439862241781,3.334255562839256,3.3203999935496147,1.0,0.2574961369262871,0.689350712441168,2,RandomForest,Mg_Ca_measurement,101,Mairs cave
61,-1.0248936378492195,0.8019339806424644,0.95704835893033,0.7528762220875072,0.7704918032786885,-14.931030436836078,126.25738726704716,3,RandomForest,Mg_Ca_measurement,102,Mairs cave
30,-0.2547117794163078,0.8308585510329592,1.0115170339609425,0.705038863569567,0.6,1.11177781671271,-1.2106343617849156,4,RandomForest,Mg_Ca_measurement,156,Abaco Island cave
30,-19.47842658203483,10.917898091730354,11.237473836171135,10.151664802168884,1.0,-3.1405277030873444,61.47416330044047,5,RandomForest,Mg_Ca_measurement,158,Abaco Island cave
41,-0.2624765753703333,3.6811898325356105,4.768053865500686,2.9815066709774314,0.5853658536585366,4.817015949620858,-109.51431334580286,6,RandomForest,Mg_Ca_measurement,169,Dim cave
30,-0.2338906474231907,2.2016539576271086,3.051548348856892,1.6384730776117298,0.7,0.2927602966713976,15.442106745606782,7,RandomForest,Mg_Ca_measurement,226,Liang Luar
30,0.3668217111743894,0.2001351944396329,0.2652731120098145,0.1852074090624422,0.4666666666666667,2.2952466423830784,-5.646632730519909,8,RandomForest,Mg_Ca_measurement,290,Kinderlinskaya cave
160,-0.1034026294309096,0.0892308680766506,0.1111333787674041,0.0782496654583848,0.55,3.825757330076532,-2.9633566563416944,9,RandomForest,Mg_Ca_measurement,390,Closani cave
30,-4.732174041458476,0.7702568772529592,0.8295153592959041,0.7718547650473933,0.9666666666666668,2.96597803084596,-5.92735011553744,10,RandomForest,Mg_Ca_measurement,394,Kotumsar cave
30,-23.148529360819964,0.2806672721808487,0.287155756666385,0.2949145080330949,1.0,-0.0603586169283302,0.4143089075861882,11,RandomForest,Mg_Ca_measurement,561,Cobre cave
43,-0.2417537159542511,0.2018536123854366,0.2545077322814063,0.1779380080654036,0.7209302325581395,6.4362940742637385,-8.287514412304628,12,RandomForest,Mg_Ca_measurement,573,Gejkar cave
30,-2.375830762841678,0.2476922517234752,0.2599489060753333,0.2668243115559608,0.8666666666666667,0.2184685348168135,0.557641871030973,13,RandomForest,Mg_Ca_measurement,574,Gol-E-Zard cave
30,-2.051017436680914,0.1723800362343784,0.1958829638875781,0.1946919764053963,0.9333333333333332,4.483300120485029,-4.736105984362888,14,RandomForest,Mg_Ca_measurement,575,Jersey cave
101,-2.318978127158567,0.5656707993842297,0.6670439547261741,0.5273720033945986,0.8910891089108911,0.9720613032106116,0.6516644423046012,15,RandomForest,Mg_Ca_measurement,596,Bunker cave
148,-1.9904311496918008,1.6948025490371423,1.9778466413485376,1.508578237718213,0.8783783783783784,0.5924172945440939,6.483062736270433,16,RandomForest,Mg_Ca_measurement,608,Santo Tomas cave
73,-101.31588700358716,4.455409431448184,4.487257782303305,4.621243155740323,1.0,-0.359749878549006,5.48575710708692,17,RandomForest,Mg_Ca_measurement,692,Abaco Island cave
65,-0.1718546107663006,2.113939919196216,2.709868213984668,1.9654733375286744,0.4461538461538462,-0.0423192175189212,28.805390983610696,18,RandomForest,Mg_Ca_measurement,694,Botuverá cave
30,-0.6455271997681176,2.941849293906289,3.580231058630459,2.301491274922669,0.7,-6.5802761918750114,40.81762846792066,19,RandomForest,Mg_Ca_measurement,714,Pere Noel cave
30,-1.7954994395942192,0.3704442212141645,0.4015463085361551,0.3754759513008905,0.9666666666666668,,,20,RandomForest,Mg_Ca_measurement,722,Rio Secreto cave system
30,-1.4862736172195432,0.4465571492058391,0.5242388053414747,0.5309628052662456,0.8333333333333334,-10.547221178277567,25.9086811372194,21,RandomForest,Mg_Ca_measurement,748,Cueva Rosa
30,-5.969859005159577,0.2876810990621596,0.3116228288168352,0.2972860159797827,0.9666666666666668,0.3032493565753589,1.135546482825589,22,RandomForest,Mg_Ca_measurement,751,Cueva Rosa
30,-8564.28945303472,0.3832230072446943,0.3834592729637627,0.3786401357127035,1.0,-0.0074791123361326,0.029472012145917,23,RandomForest,Mg_Ca_measurement,764,Goda Mea cave
30,-22003315.126658916,1.3843200265396007,1.384913488614963,1.3534942055864922,1.0,-0.0015105085231109,0.0036670999795688,24,RandomForest,Mg_Ca_measurement,773,Herbstlabyrinth cave
30,-4645.117243810525,1.958646801188916,1.96242996588148,1.930497762786969,1.0,-0.0428473260516202,0.8444364671666644,25,RandomForest,Mg_Ca_measurement,783,Hüttenbläserschachthöhle
34,-4.496285100956086,2.804472281871944,2.9645446521844385,2.8727470668061894,0.9411764705882352,1.037586898894238,2.3914770770225964,26,RandomForest,Mg_Ca_measurement,784,Hüttenbläserschachthöhle
30,-1.7802757384826655,4.520655659600069,5.478262336601091,4.542048596721558,0.8666666666666667,-1.4205135744093529,39.07018420679521,27,RandomForest,Mg_Ca_measurement,804,La Vallina
188,-0.1754157075137383,0.0818152544554213,0.0989572758121649,0.07749325973412,0.7287234042553191,0.637416103752974,0.3063788736126764,28,RandomForest,Mg_Ca_measurement,812,Larga cave
30,-0.7033958547022858,0.5544145658986648,0.7482439478157097,0.4067928588865834,0.6333333333333333,-1.8407851335409104,40.59458641601992,29,RandomForest,Mg_Ca_measurement,836,Pir Ghar cave
30,-1.3536098103692118,1.0580631625154242,1.2496626610195058,1.0596490547560764,0.8,3.6270071405362727,-19.79262905066254,30,RandomForest,Mg_Ca_measurement,842,Sa balma des quartó cave
30,-0.2737603169801179,0.875787863209997,1.1449592322112534,0.6278507096105788,0.5666666666666667,1.127140555211284,-0.3213301115371871,31,RandomForest,Mg_Ca_measurement,843,Sa balma des quartó cave
40,-0.4306397831549571,0.8139386378574791,0.9457548542621872,0.8256410369514415,0.7,10.761109420295238,-65.63651886297271,32,RandomForest,Mg_Ca_measurement,844,Sa balma des quartó cave
30,-33.71610251551443,2.198286678138289,2.224396408469438,2.241822678749072,1.0,1.5844987125131194,-5.91707508924447,33,RandomForest,Mg_Ca_measurement,845,Sa balma des quartó cave
30,-6.089963756287137,1.5769522712938373,1.6615115717785216,1.6138164900755498,0.9666666666666668,1.2212769405925366,-3.151266961793435,34,RandomForest,Mg_Ca_measurement,879,Yonderup cave
30,-0.8397895362180137,2.876025421535332,3.5560188247499425,2.497807859153383,0.5,0.5675714128771383,11.080149601093114,35,RandomForest,Mg_Ca_measurement,881,Zoolithen cave
30,0.138450620936659,4.478384139279297,5.359107565737184,4.123582415041637,0.5,4.675779157550024,-80.84530897395877,36,RandomForest,Mg_Ca_measurement,882,Zoolithen cave
30,0.311477000088124,1.9006479324369867,2.5116099294226446,1.3997669084373197,0.3333333333333333,3.166118570133888,-52.60911497890913,37,RandomForest,Mg_Ca_measurement,883,Bigonda cave
41,0.5490239415347835,1.0597975971788998,1.391771360220482,0.7022376539792639,0.2682926829268293,1.8616281794668148,-17.78093264627162,38,RandomForest,Mg_Ca_measurement,884,Bigonda cave
32,-3.679694205173488,0.1494358421720181,0.1654776318041189,0.1261047940928144,0.9375,21.75691558818476,-21.462636862734985,39,RandomForest,Mg_Ca_measurement,887,Kocain cave
30,-1.4714985557689944,0.704491152523402,0.8626055271198156,0.6484403481297831,0.8,1.6953928903505744,-5.563316866679236,40,RandomForest,Mg_Ca_measurement,888,Labyrinth cave
30,-0.2531122413080044,0.2955597649064593,0.382253096685028,0.2398286896751666,0.6,11.088654526975224,-15.093172711981932,41,RandomForest,Mg_Ca_measurement,889,Lake Shasta cave
77,-0.659980600246886,0.4077888464246471,0.4773978887211892,0.3590926225360344,0.7142857142857143,7.66146597295268,-9.591184562421851,42,RandomForest,Mg_Ca_measurement,890,Lake Shasta cave
39,-0.6408561619885804,3.722597882736943,4.959087906617938,2.8760604927685023,0.6923076923076923,9.250949462199104,-109.9485565383122,43,RandomForest,Mg_Ca_measurement,892,Naharon
30,-4.860556216977457,0.1159408369171921,0.1269477769456101,0.1121893812231182,1.0,1.5554219718602191,-0.6610000336633198,44,RandomForest,Mg_Ca_measurement,894,Savi cave
30,-1.0841894476693197,0.0583920628005814,0.0750270282679348,0.0416007997917474,0.8,2.2787385654259475,-1.2567146666589488,45,RandomForest,Mg_Ca_measurement,895,Savi cave
55,0.0348509656607542,0.0924709156088642,0.1115391412888185,0.0876708081722249,0.2909090909090909,0.6202349883492365,0.1926627075807969,0,XGBoost,Mg_Ca_measurement,17,Kesang cave
30,0.1419898306948972,0.2906942270480298,0.3274932977526675,0.2336949132496106,0.4666666666666667,1.4032116219430075,-0.6200303739684392,1,XGBoost,Mg_Ca_measurement,32,Villars cave
30,-50.33324887762814,0.7679277627234462,0.7784650713789949,0.7528458679864722,1.0,0.2552350558605456,1.356151303042298,2,XGBoost,Mg_Ca_measurement,101,Mairs cave
61,-1.0549943361521523,0.8087742012464759,0.9641355343733488,0.7275943212727043,0.7540983606557377,-1.915163640503209,22.4644136219106,3,XGBoost,Mg_Ca_measurement,102,Mairs cave
30,-0.3165443939701178,0.8349377415974933,1.036141257925786,0.6482314682006827,0.6,0.5153039189191297,7.215209412061949,4,XGBoost,Mg_Ca_measurement,156,Abaco Island cave
30,-10.816530477067529,8.198786412556966,8.536215894942222,8.253570537567137,1.0,0.563885628298613,14.709631016240492,5,XGBoost,Mg_Ca_measurement,158,Abaco Island cave
41,-0.0704124744594638,3.4677207140666684,4.390409905360345,2.9529290069580085,0.4634146341463415,1.794487194522194,-20.48113499579609,6,XGBoost,Mg_Ca_measurement,169,Dim cave
30,-0.3385822228262636,2.5003066482543947,3.178369947208334,2.310449905395508,0.8,12.66274877145458,-226.71584063417427,7,XGBoost,Mg_Ca_measurement,226,Liang Luar
30,0.1007373087231979,0.2301376302857971,0.3161356788092372,0.1634650453856121,0.3666666666666666,2.002180104390031,-4.129109200282785,8,XGBoost,Mg_Ca_measurement,290,Kinderlinskaya cave
160,0.2436701444350062,0.0741491655254735,0.0920095979817052,0.070177986744472,0.34375,1.5488972114204658,-0.5761933514058193,9,XGBoost,Mg_Ca_measurement,390,Closani cave
30,-0.2993727962201018,0.3294402719236317,0.3949404647032092,0.2811141501154846,0.6333333333333333,1.9644305022084203,-2.3538229545177383,10,XGBoost,Mg_Ca_measurement,394,Kotumsar cave
30,-0.3235440874609774,0.0479086868664737,0.0672266374958954,0.0302572720750105,0.3,0.3716201576326116,0.2472536886712109,11,XGBoost,Mg_Ca_measurement,561,Cobre cave
43,-0.7477651155455711,0.2535301885137996,0.3019428712669817,0.2458828963378907,0.7209302325581395,1.202179097749884,-0.523825486070731,12,XGBoost,Mg_Ca_measurement,573,Gejkar cave
30,-0.3346400855310754,0.1443353697139015,0.1634480498521925,0.1313118667787275,0.8333333333333334,0.1138388160754889,0.6778598970997107,13,XGBoost,Mg_Ca_measurement,574,Gol-E-Zard cave
30,0.6940309314663737,0.0517228945089133,0.0620316144012743,0.0402745830788981,0.3333333333333333,1.4024047953977574,-0.4333032931625749,14,XGBoost,Mg_Ca_measurement,575,Jersey cave
101,-0.4435938283401275,0.3279919057054001,0.4399210728415907,0.2573326925676706,0.3564356435643564,0.0312937492039787,3.734758630743136,15,XGBoost,Mg_Ca_measurement,596,Bunker cave
148,-0.866218205779566,1.2822879873286066,1.562452852156663,1.1439228225708007,0.5608108108108109,0.2193359636414183,14.03837504781951,16,XGBoost,Mg_Ca_measurement,608,Santo Tomas cave
73,-207.36206784097683,6.184044952784499,6.403520615738862,5.8114453887939455,0.9863013698630136,-0.0183573062722114,3.0215602711104186,17,XGBoost,Mg_Ca_measurement,692,Abaco Island cave
65,-0.2909405786748857,2.154289531606821,2.8442281501588296,1.7588033593750012,0.2769230769230769,-0.075712892029188,29.73836642509693,18,XGBoost,Mg_Ca_measurement,694,Botuverá cave
30,-0.6643987241971219,3.039108342221827,3.600702250856983,2.485790069422796,0.6666666666666666,-1.705874283657123,16.145159198959686,19,XGBoost,Mg_Ca_measurement,714,Pere Noel cave
30,-0.159599959815416,0.1970683682759602,0.25861876221789,0.1792395687103272,0.8333333333333334,2.4654543123209045,-3.668179661756921,20,XGBoost,Mg_Ca_measurement,722,Rio Secreto cave system
30,-1.601397422811385,0.4573645383184857,0.5362385812073875,0.567377335847244,0.8,0.1193306306539262,1.5999451363074653,21,XGBoost,Mg_Ca_measurement,748,Cueva Rosa
30,-2.5470016499249737,0.182191840016797,0.2223043518217097,0.1516740014468671,0.4,0.0590773393875897,1.6454891800410332,22,XGBoost,Mg_Ca_measurement,751,Cueva Rosa
30,-213.13329410185315,0.0603991036593914,0.060630384375105,0.0615055458080768,1.0,0.2746914593167375,0.002563071786256,23,XGBoost,Mg_Ca_measurement,764,Goda Mea cave
30,-130042.05300607192,0.1062447861228086,0.106468749788014,0.1039995911041336,1.0,0.0023996419845632,0.0013149699443061,24,XGBoost,Mg_Ca_measurement,773,Herbstlabyrinth cave
30,-308.7239044798108,0.4543689284119224,0.506683132796376,0.4158601936255083,1.0,-0.0126122424286059,0.7441948645058415,25,XGBoost,Mg_Ca_measurement,783,Hüttenbläserschachthöhle
34,0.3239699078934968,0.8627794996403744,1.0396960262113797,0.7875323521316933,0.2647058823529412,0.7953354348557841,2.563492264559306,26,XGBoost,Mg_Ca_measurement,784,Hüttenbläserschachthöhle
30,-0.4045924856769336,3.043543793145496,3.893803765594704,2.7385099430522395,0.5666666666666667,1.862050459793676,-11.475354905352315,27,XGBoost,Mg_Ca_measurement,804,La Vallina
188,-1.4812863489738168,0.1122108290170101,0.1437773349264163,0.0969596362113952,0.723404255319149,0.3374784830070517,0.5791230680782864,28,XGBoost,Mg_Ca_measurement,812,Larga cave
30,-1.0908419091488923,0.6519804333791844,0.8289837510356847,0.5489855906818946,0.4,-0.2917884846537247,18.8884776954879,29,XGBoost,Mg_Ca_measurement,836,Pir Ghar cave
30,-2.986001332360828,1.4879571578983757,1.626276103702328,1.5104648517245267,0.7333333333333333,0.9408841604545194,-1.034472708320381,30,XGBoost,Mg_Ca_measurement,842,Sa balma des quartó cave
30,-0.2443816500430822,0.9293905235857292,1.131678239511936,0.7668629241860603,0.6333333333333333,1.746731735980818,-6.81432408810907,31,XGBoost,Mg_Ca_measurement,843,Sa balma des quartó cave
40,0.1979358968077345,0.5523124007576652,0.7081381141329794,0.4269026343904127,0.35,2.56536163044471,-9.124338863385312,32,XGBoost,Mg_Ca_measurement,844,Sa balma des quartó cave
30,-5.640544457046759,0.9122863835047804,0.9728559701521184,0.9712140218364312,0.8333333333333334,0.7896580495177857,0.1554840043673468,33,XGBoost,Mg_Ca_measurement,845,Sa balma des quartó cave
30,-3.580844376290159,1.2006604174026638,1.33553148741602,1.251073222779039,0.7666666666666667,0.2175980327893347,4.103944412024881,34,XGBoost,Mg_Ca_measurement,879,Yonderup cave
30,-0.1819295028400807,2.2147820537886296,2.850202822710061,1.5401599383368083,0.2,0.506953474989875,11.608834918488162,35,XGBoost,Mg_Ca_measurement,881,Zoolithen cave
30,0.5239390662377755,3.468510179091283,3.98367279041069,3.13110056506722,0.3333333333333333,2.176301173280544,-24.46256969051284,36,XGBoost,Mg_Ca_measurement,882,Zoolithen cave
30,0.5894205993874171,1.519779890488132,1.9395078573695823,1.305022154772999,0.3333333333333333,1.3799424411954284,-9.937562768081207,37,XGBoost,Mg_Ca_measurement,883,Bigonda cave
41,0.7112827823830293,0.8857037389622827,1.1135955683785208,0.7374093135367161,0.2439024390243902,1.262486522941059,-4.96467832769353,38,XGBoost,Mg_Ca_measurement,884,Bigonda cave
32,-0.4330697901201932,0.0710924486623485,0.091572322672746,0.0482578982030717,0.65625,-1.5396906730651707,2.301003721427336,39,XGBoost,Mg_Ca_measurement,887,Kocain cave
30,-0.5114493617283742,0.5547024541045753,0.6745728483759463,0.4869947575561095,0.5333333333333333,0.566005706332041,2.5351666945895905,40,XGBoost,Mg_Ca_measurement,888,Labyrinth cave
30,0.324149890652993,0.2238599815882341,0.2807250839116422,0.1767815734346917,0.4333333333333333,3.105469982904153,-3.286858671184805,41,XGBoost,Mg_Ca_measurement,889,Lake Shasta cave
77,-0.2971095339408178,0.3566693057480521,0.4220047248746996,0.3003730618175326,0.6883116883116883,3.783111364166497,-4.004263434471982,42,XGBoost,Mg_Ca_measurement,890,Lake Shasta cave
39,-0.0610642312262763,3.06779691728538,3.987836902990861,2.1393027599625967,0.4358974358974359,2.5544736441002347,-19.328860473840788,43,XGBoost,Mg_Ca_measurement,892,Naharon
30,-0.7829205405017103,0.0590531057923031,0.0700199306310554,0.0567167918413333,0.6,0.3270972858822364,0.5688898052757507,44,XGBoost,Mg_Ca_measurement,894,Savi cave
30,-7.6088459675660385,0.0781700953272507,0.1524830664930702,0.0370259592651815,0.4,-0.0717564680900064,0.9480704943011182,45,XGBoost,Mg_Ca_measurement,895,Savi cave
55,-1.033206143193453,0.1436031056673104,0.1618902944663674,0.1424662433412485,0.3454545454545454,-0.1802390516486665,0.5310694172178207,0,CatBoost,Mg_Ca_measurement,17,Kesang cave
30,-4.943768672451797,0.6681891184741999,0.8619600708052251,0.5311644623223933,0.7,-0.0439941043449573,0.7946935052467725,1,CatBoost,Mg_Ca_measurement,32,Villars cave
30,-60.08177283765657,0.8412439155088142,0.8491718172263623,0.8277775645335009,1.0,0.1877054312493045,1.5349848087655098,2,CatBoost,Mg_Ca_measurement,101,Mairs cave
61,-1.385888028678929,0.8660852793861092,1.0388618643653873,0.8891721254201634,0.7704918032786885,-1.9423157733356589,22.986247071564453,3,CatBoost,Mg_Ca_measurement,102,Mairs cave
30,-0.7698250206738537,0.9659145512913924,1.2013412191254416,0.9524949139874844,0.6,0.592220108237945,5.816116811455084,4,CatBoost,Mg_Ca_measurement,156,Abaco Island cave
30,-2.1754754128900657,3.7422724415644666,4.425117205325229,3.306330273333568,0.7,0.6761926514631156,10.013720011090212,5,CatBoost,Mg_Ca_measurement,158,Abaco Island cave
41,0.1330686154693373,3.108003818176301,3.951134843424012,2.279932520913849,0.3902439024390244,1.3328797682176905,-7.709671461996258,6,CatBoost,Mg_Ca_measurement,169,Dim cave
30,-0.0069377944763111,1.963602012033744,2.7566602258788198,1.391160855750691,0.5666666666666667,3.300864597487726,-46.8089301897722,7,CatBoost,Mg_Ca_measurement,226,Liang Luar
30,0.5778355743731212,0.1598324161826775,0.2166062790066203,0.1267175738636439,0.3,1.1429507656412483,-0.6512227776713342,8,CatBoost,Mg_Ca_measurement,290,Kinderlinskaya cave
160,0.0252428927247592,0.0825829804344506,0.1044541540747116,0.0661682158461959,0.11875,0.5108915354776661,0.5439039683309086,9,CatBoost,Mg_Ca_measurement,390,Closani cave
30,-0.1770384454518656,0.2989253441282991,0.375889394034103,0.2594877537232168,0.5666666666666667,0.7968603026415493,0.2345397239449635,10,CatBoost,Mg_Ca_measurement,394,Kotumsar cave
30,-8.396830644201286,0.1587861189465968,0.1791277551256856,0.1341015550826915,0.8,-0.1974950780948298,0.43483112944046,11,CatBoost,Mg_Ca_measurement,561,Cobre cave
43,-0.2977734124409723,0.1966037629732001,0.2601852564753296,0.1463038016239399,0.5581395348837209,0.1152752398518773,1.2088155581261786,12,CatBoost,Mg_Ca_measurement,573,Gejkar cave
30,-1.4800413947517344,0.1848169168861522,0.2228061251452088,0.1513777881217445,0.7666666666666667,0.0208763965362765,0.7553843646749849,13,CatBoost,Mg_Ca_measurement,574,Gol-E-Zard cave
30,-1.1052960318946736,0.1302871183324585,0.1627162428633166,0.1160526619464931,0.3666666666666666,0.3263421526756121,0.7468097292411737,14,CatBoost,Mg_Ca_measurement,575,Jersey cave
101,-0.0676886705196277,0.2923090036802465,0.3783333052959868,0.2588901668391097,0.4059405940594059,-0.4017759312411544,5.389690159389107,15,CatBoost,Mg_Ca_measurement,596,Bunker cave
148,-0.9531154227202084,1.3218503433900628,1.598415436095551,1.178599283481029,0.581081081081081,0.0994803129751596,16.33959351782252,16,CatBoost,Mg_Ca_measurement,608,Santo Tomas cave
73,-20.584177031670357,1.9804792835261755,2.0609963840425136,2.1104210293523544,0.9726027397260274,-0.0584206234934612,3.138144165702592,17,CatBoost,Mg_Ca_measurement,692,Abaco Island cave
65,-0.4270524422419968,2.2977191976515883,2.9904136804076358,1.9064415413250624,0.2461538461538461,0.049428767864215,26.20166732010043,18,CatBoost,Mg_Ca_measurement,694,Botuverá cave
30,-0.3697954101842815,2.8298848206205363,3.26652793375562,2.143032854346694,0.6,-0.5616005299905101,10.574277999361048,19,CatBoost,Mg_Ca_measurement,714,Pere Noel cave
30,-0.5357640517668114,0.2553250800094005,0.2976241594002519,0.2400139103323935,0.8666666666666667,1.7372259862607264,-2.037987365467282,20,CatBoost,Mg_Ca_measurement,722,Rio Secreto cave system
30,-0.8746972136013274,0.3925952739064449,0.4552188857712415,0.4239694681269585,0.6666666666666666,-0.7835801277434497,3.5725085577985167,21,CatBoost,Mg_Ca_measurement,748,Cueva Rosa
30,-13.240209707426894,0.3914891835449302,0.4454258954560209,0.3614215084965044,0.6666666666666666,0.0099412736467156,1.7346009366886583,22,CatBoost,Mg_Ca_measurement,751,Cueva Rosa
30,-1448.857253341445,0.1435430849805259,0.1577650666724706,0.148345203467903,1.0,-0.0236276749335202,0.0304238901997439,23,CatBoost,Mg_Ca_measurement,764,Goda Mea cave
30,-248043.7533436168,0.1408549747467861,0.1470427440009844,0.1476691667932015,0.9666666666666668,0.0010968858095933,0.0017237700938709,24,CatBoost,Mg_Ca_measurement,773,Herbstlabyrinth cave
30,-14.653229221239588,0.0977082256716665,0.1139071686392264,0.1095256985180582,0.7666666666666667,0.0300427412102813,0.7046205206576731,25,CatBoost,Mg_Ca_measurement,783,Hüttenbläserschachthöhle
34,-1.1622413620541674,1.569715196512755,1.859411255067644,1.4074698755605717,0.6764705882352942,0.3638791687100507,7.498134641547441,26,CatBoost,Mg_Ca_measurement,784,Hüttenbläserschachthöhle
30,-5.426204541147966,7.363883997345959,8.328679743053007,8.037765184448892,0.9,-0.1566067736190141,20.474226044653744,27,CatBoost,Mg_Ca_measurement,804,La Vallina
188,-8.287695292589925,0.2175254077686049,0.2781672297926409,0.1726554997533979,0.6968085106382979,0.1184071268162333,0.7896315341555943,28,CatBoost,Mg_Ca_measurement,812,Larga cave
30,-1.6912484584423155,0.7052127179305051,0.940507616071896,0.5190580267168166,0.3333333333333333,-0.2206056732274436,17.692620757787928,29,CatBoost,Mg_Ca_measurement,836,Pir Ghar cave
30,-2.126889065269016,1.257885329496939,1.4403956385993728,1.2324297819116872,0.6666666666666666,0.7777053646543438,0.4131410135074773,30,CatBoost,Mg_Ca_measurement,842,Sa balma des quartó cave
30,0.1941105559484134,0.7279351487855408,0.9107179565241972,0.594602349322928,0.2666666666666666,0.8508715332153199,1.339049586826773,31,CatBoost,Mg_Ca_measurement,843,Sa balma des quartó cave
40,-0.1641209196305264,0.7169186126340141,0.8531246235199457,0.6720310843732884,0.65,2.055157998952565,-7.425763068788085,32,CatBoost,Mg_Ca_measurement,844,Sa balma des quartó cave
30,-6.795270378344285,0.9971180115680138,1.054052628845219,1.145746273982266,0.9666666666666668,1.9808541468317569,-6.059489205577602,33,CatBoost,Mg_Ca_measurement,845,Sa balma des quartó cave
30,-2.048977511999096,0.9761727379350684,1.0895783705260258,0.9168486989247208,0.5,0.3220419467631971,3.518870839531384,34,CatBoost,Mg_Ca_measurement,879,Yonderup cave
30,0.1758551749266014,1.832197355093579,2.380026250338384,1.3778143284893858,0.2,0.6474680954284164,8.339155792618126,35,CatBoost,Mg_Ca_measurement,881,Zoolithen cave
30,0.5910911514339156,3.165913887968792,3.6920335724220874,2.5494882161766945,0.3333333333333333,2.0045677719810966,-20.36712167752573,36,CatBoost,Mg_Ca_measurement,882,Zoolithen cave
30,0.6979473087822406,1.216903721214166,1.6635441060804232,0.8337971992381608,0.2,1.392834751347315,-9.4275014398005,37,CatBoost,Mg_Ca_measurement,883,Bigonda cave
41,0.4719700801846744,1.2350725812302006,1.505984208485971,0.948687626219968,0.2682926829268293,0.9763830015544372,1.6189033030461744,38,CatBoost,Mg_Ca_measurement,884,Bigonda cave
32,-0.6596801038513549,0.0860682276415699,0.0985468514713492,0.0864689389021175,0.625,-0.0435162534902492,0.9150144440378364,39,CatBoost,Mg_Ca_measurement,887,Kocain cave
30,-0.5226313524080226,0.5669695882787346,0.6770635594777895,0.4844446053509852,0.5666666666666667,-1.0438576552545569,13.363065611922462,40,CatBoost,Mg_Ca_measurement,888,Labyrinth cave
30,0.1944463727236774,0.2501021076523006,0.3064807875037181,0.1941000588582119,0.4333333333333333,2.3279378464706477,-1.9546602590172624,41,CatBoost,Mg_Ca_measurement,889,Lake Shasta cave
77,0.1141494775910035,0.2809642306877841,0.348745980278752,0.2427474771356403,0.4805194805194805,1.721627992449291,-0.9642779545669308,42,CatBoost,Mg_Ca_measurement,890,Lake Shasta cave
39,-0.1021489039600298,3.2418285361744874,4.064308703140497,2.670590536622033,0.4102564102564102,1.756218388451472,-7.677392679787061,43,CatBoost,Mg_Ca_measurement,892,Naharon
30,-2.8786827486968134,0.0875332628983257,0.1032756200901022,0.0796708917439626,0.5333333333333333,-0.306116145325842,1.1207968105184838,44,CatBoost,Mg_Ca_measurement,894,Savi cave
30,-4.537904961916047,0.1025927973354704,0.122298716078357,0.0924585743548724,0.5,0.1331143556864726,0.7750833657324915,45,CatBoost,Mg_Ca_measurement,895,Savi cave
55,-0.2077657235021908,0.0839435015664204,0.1028671869229959,0.0676494522274115,0.3636363636363636,0.1145170093909922,0.1855252839596486,0,RandomForest,Sr_Ca_measurement,17,Kesang cave
30,-0.3883427466863094,0.0067362209832082,0.0079783840723424,0.0055415811315578,0.3333333333333333,-0.6673960860958197,0.0296881865121033,1,RandomForest,Sr_Ca_measurement,32,Villars cave
30,-2.635926593612342,0.0153902925541765,0.0176074008280061,0.0162360324316964,0.9,2.3428061518857484,-0.2635211757900927,2,RandomForest,Sr_Ca_measurement,101,Mairs cave
61,-1.9630512265848703,0.0370004405007951,0.0440582510153401,0.0332703847964691,0.7540983606557377,0.2944399059849994,0.2525417081447616,3,RandomForest,Sr_Ca_measurement,102,Mairs cave
30,-0.0846554830324082,0.1662992904641654,0.2241372479944118,0.1287791517857137,0.4,-0.7720842768803969,4.477066637689184,4,RandomForest,Sr_Ca_measurement,156,Abaco Island cave
30,0.870912958461662,0.1223096197252559,0.1642547035206191,0.07,0.3,0.8410381253076958,0.3715215476639923,5,RandomForest,Sr_Ca_measurement,158,Abaco Island cave
41,-0.3744099250389303,0.0066428640349262,0.0077438954662454,0.0059783848214285,0.5609756097560976,1.095476288212471,0.0001262847569086,6,RandomForest,Sr_Ca_measurement,169,Dim cave
30,-0.0946918504302309,0.0018303005642736,0.0020988766688366,0.0017352107323232,0.5,0.9433892394965064,0.0013413034138668,7,RandomForest,Sr_Ca_measurement,226,Liang Luar
30,-0.3555904191776939,0.0099086475588477,0.0123175957856708,0.0078405730216069,0.5666666666666667,-0.5335425199065476,0.2308768967274904,8,RandomForest,Sr_Ca_measurement,290,Kinderlinskaya cave
160,0.9230989764665902,0.0007192940568481,0.0010743783069709,0.0005041989085192,0.08125,0.9744593306062852,0.0008598284463753,9,RandomForest,Sr_Ca_measurement,390,Closani cave
30,0.5706192950436785,0.0055766707592143,0.0069126429948903,0.0052047489017507,0.3666666666666666,1.7189027433810526,-0.0460931613691791,10,RandomForest,Sr_Ca_measurement,394,Kotumsar cave
30,0.825530351173711,0.0007100723979944,0.0008851696429907,0.0005118230117629,0.2333333333333333,1.1680234956467943,-0.0032701692088838,11,RandomForest,Sr_Ca_measurement,561,Cobre cave
43,0.4458602817817138,0.00866604376688,0.0110218899383643,0.0069294554707443,0.2093023255813953,0.9256170159989408,0.0072832899219456,12,RandomForest,Sr_Ca_measurement,573,Gejkar cave
30,0.895985313278762,0.007797286557382,0.0099169154824477,0.0063829306709673,0.1666666666666666,1.114508916542619,-0.0201085597288075,13,RandomForest,Sr_Ca_measurement,574,Gol-E-Zard cave
30,0.6234247830869278,0.0012941593476708,0.0015705361450489,0.0010070533774463,0.3333333333333333,1.6013061653951937,-0.014693980729093,14,RandomForest,Sr_Ca_measurement,575,Jersey cave
101,-0.3762002325135645,0.0077809857091112,0.0097927801197325,0.006205378023434,0.3861386138613861,0.4478410647690756,0.0476802927441526,15,RandomForest,Sr_Ca_measurement,596,Bunker cave
148,0.100788582449792,0.0015781134838966,0.0019583803293832,0.0013583792165646,0.2027027027027027,0.6784886083056987,0.0084829131108163,16,RandomForest,Sr_Ca_measurement,608,Santo Tomas cave
73,-1.202349577045804,0.2276716181506842,0.2822930172957018,0.1829488365800857,0.589041095890411,0.1109940362868207,1.2499202620250431,17,RandomForest,Sr_Ca_measurement,692,Abaco Island cave
65,-0.0557196232877172,0.0745391919148319,0.0966441835279051,0.0569307133973662,0.2769230769230769,0.3495585744947617,0.3550887889677878,18,RandomForest,Sr_Ca_measurement,694,Botuverá cave
30,0.4253672179498345,0.0036518324795648,0.0046037284766191,0.0028709332526256,0.4333333333333333,1.7266348136854182,-0.0135280004865866,19,RandomForest,Sr_Ca_measurement,714,Pere Noel cave
30,-0.0023503415011343,0.0097233865289802,0.0139742663841954,0.0065395536616159,0.4,1.1262201171373192,-0.0157428698207869,20,RandomForest,Sr_Ca_measurement,722,Rio Secreto cave system
30,0.2653480289563075,0.0018210267064517,0.002475266248868,0.0014392783601712,0.3333333333333333,0.6386860892285957,0.0086970758143855,21,RandomForest,Sr_Ca_measurement,748,Cueva Rosa
30,0.0288846255901723,0.0050485826211153,0.005610623981651,0.0044338092784981,0.4,0.5758791799260822,0.0113659413275789,22,RandomForest,Sr_Ca_measurement,751,Cueva Rosa
30,-0.0644681963169051,3.8390949562590094e-05,4.2495388059855096e-05,3.6134845188492005e-05,0.3,0.4933654980385282,0.0001188830672329,23,RandomForest,Sr_Ca_measurement,764,Goda Mea cave
30,0.205819319774697,0.000122870479793,0.0001472907096577,0.0001150344063298,0.4,0.597352503815387,0.0007304555579134,24,RandomForest,Sr_Ca_measurement,773,Herbstlabyrinth cave
30,0.2485877890278567,0.041502857388055,0.0538824156692749,0.0320228459991235,0.2333333333333333,0.6145855902182196,0.368261095784436,25,RandomForest,Sr_Ca_measurement,783,Hüttenbläserschachthöhle
34,0.5309571740042647,0.0024298994987944,0.0029469451126719,0.0020680561674256,0.2941176470588235,1.1158786953314213,-0.0083705472857665,26,RandomForest,Sr_Ca_measurement,784,Hüttenbläserschachthöhle
30,0.6626900405312792,0.0081853997256471,0.0113535492377622,0.0057965017530253,0.3,1.629511493214515,-0.0735287219177807,27,RandomForest,Sr_Ca_measurement,804,La Vallina
188,-0.0549628911968316,0.0048230157489656,0.0061321984111921,0.0036908637179292,0.3031914893617021,0.4533682823391042,0.0342253377837531,28,RandomForest,Sr_Ca_measurement,812,Larga cave
30,-0.6737938198229383,0.029163501162626,0.0328727646650146,0.0322065516867468,0.4333333333333333,0.3919191358020087,0.1480523652050502,29,RandomForest,Sr_Ca_measurement,836,Pir Ghar cave
30,-0.6285277697489116,0.011655499667639,0.0152264405353236,0.0083923498481407,0.5666666666666667,0.4285613101426423,0.0572976022056668,30,RandomForest,Sr_Ca_measurement,842,Sa balma des quartó cave
30,-0.9174857555241492,0.0132611440487283,0.0158928456952439,0.012010920364608,0.4666666666666667,0.3429990826417615,0.0407124779657447,31,RandomForest,Sr_Ca_measurement,843,Sa balma des quartó cave
40,-1.0797109207409163,0.0219067997685978,0.0267898150982904,0.0218198548556314,0.625,0.886097433985299,0.0318016762934998,32,RandomForest,Sr_Ca_measurement,844,Sa balma des quartó cave
30,0.2294629127408768,0.0066634255635645,0.0090074580478748,0.0044204143664331,0.4333333333333333,0.8169268533917685,0.0116115478155909,33,RandomForest,Sr_Ca_measurement,845,Sa balma des quartó cave
30,-1.0057143027279292,0.0126894029859941,0.016358076685958,0.0107114202792733,0.5666666666666667,0.0672212846802285,0.3271323755950696,34,RandomForest,Sr_Ca_measurement,879,Yonderup cave
30,0.5955988065835479,0.0018631419057517,0.0024227925189427,0.0012674306983055,0.2333333333333333,1.0341524228199426,-0.0004424061305036,35,RandomForest,Sr_Ca_measurement,881,Zoolithen cave
30,0.5728758534238784,0.0016234158583788,0.0022767643135718,0.0011570577425444,0.2333333333333333,1.0890395014650025,-0.0042716790810246,36,RandomForest,Sr_Ca_measurement,882,Zoolithen cave
30,-3.935654126321353,0.0064832252676951,0.0070622794413594,0.0062141756681553,0.8,1.2372007696258858,-0.015746225117895,37,RandomForest,Sr_Ca_measurement,883,Bigonda cave
41,0.557983324085955,0.000699547018015,0.0008912634416495,0.0005292060331394,0.1463414634146341,1.0347510800644328,-0.000627152074235,38,RandomForest,Sr_Ca_measurement,884,Bigonda cave
32,0.3495156786906759,0.0013584150764916,0.0015318322579371,0.0014662791986753,0.40625,0.876544066330879,0.0010908828075071,39,RandomForest,Sr_Ca_measurement,887,Kocain cave
30,0.6775644694796114,0.0035005579653173,0.0042102381084297,0.003392364087697,0.2,1.0765880152094367,-0.0082478785592225,40,RandomForest,Sr_Ca_measurement,888,Labyrinth cave
30,0.9240390167403492,0.0005392590026343,0.0007381763757384,0.0003536777674867,0.1666666666666666,1.0474508591825151,-0.0005523573264534,41,RandomForest,Sr_Ca_measurement,889,Lake Shasta cave
77,0.7694432956404201,0.0010207393715807,0.0012509632101843,0.0008623220511443,0.1818181818181818,0.9213051778557504,0.0016497626504971,42,RandomForest,Sr_Ca_measurement,890,Lake Shasta cave
39,0.6376648989722099,0.1159744993307432,0.1365133221933751,0.1002916209780373,0.282051282051282,1.0103818316840427,0.0887896848953777,43,RandomForest,Sr_Ca_measurement,892,Naharon
30,0.6769705068167011,0.001738704067647,0.0022190694071112,0.0015188488343198,0.2333333333333333,0.7542595676938371,0.0133592003873715,44,RandomForest,Sr_Ca_measurement,894,Savi cave
30,0.8263765628305794,0.0016182679811018,0.0020102552825068,0.0011940331632167,0.2,1.2577015784384291,-0.011426518699209,45,RandomForest,Sr_Ca_measurement,895,Savi cave
55,0.0500008488081638,0.0767341654902383,0.0912319845415666,0.0576766414880752,0.3636363636363636,0.8318381417245876,0.0497851173619781,0,XGBoost,Sr_Ca_measurement,17,Kesang cave
30,-1.0027370116881236,0.0071562977798119,0.0095824939369941,0.0063207545856105,0.2333333333333333,-0.2935722093177356,0.0231590659541807,1,XGBoost,Sr_Ca_measurement,32,Villars cave
30,-8.643404104811022,0.0259247433207949,0.0286749639602333,0.030268875158034,0.9,-0.7488777218398192,0.3698534658550686,2,XGBoost,Sr_Ca_measurement,101,Mairs cave
61,-3.295604937317883,0.0463781948521503,0.0530481007167594,0.0442136165126037,0.7704918032786885,-0.4776424382179447,0.4867733120564464,3,XGBoost,Sr_Ca_measurement,102,Mairs cave
30,-0.1024524377694353,0.1704619388580321,0.2259685809605081,0.1261918544769287,0.4,-0.6935072775543525,4.255734364403867,4,XGBoost,Sr_Ca_measurement,156,Abaco Island cave
30,0.9157946642247576,0.1063509672482808,0.1326619256053892,0.093961329460144,0.3666666666666666,1.1135184323504088,-0.1897136254115916,5,XGBoost,Sr_Ca_measurement,158,Abaco Island cave
41,-0.5587341046385945,0.0067618940805516,0.0082468360248042,0.006755007892847,0.5121951219512195,-0.0583649508004677,0.0539914311477182,6,XGBoost,Sr_Ca_measurement,169,Dim cave
30,0.1142438922296427,0.0015421306195855,0.0018879828951445,0.0011523262519389,0.2666666666666666,0.896423908745452,0.0002338489510279,7,XGBoost,Sr_Ca_measurement,226,Liang Luar
30,-0.9968528536624326,0.01231373108069,0.0149497776862038,0.0097141552904859,0.7,-1.0967338161741282,0.3232134012496449,8,XGBoost,Sr_Ca_measurement,290,Kinderlinskaya cave
160,0.8209568991811396,0.0013443394656539,0.0016393435114408,0.0011681596925854,0.225,1.0406547301909568,0.0001920499195684,9,XGBoost,Sr_Ca_measurement,390,Closani cave
30,0.2973631269472678,0.0071315030179869,0.0088427701057695,0.005784816471065,0.4,1.4190373671123533,-0.0230611812037415,10,XGBoost,Sr_Ca_measurement,394,Kotumsar cave
30,0.6877145572382072,0.000959418406329,0.0011842473944044,0.0008457769932907,0.2333333333333333,1.2398373273899934,-0.0045140459804207,11,XGBoost,Sr_Ca_measurement,561,Cobre cave
43,0.2386506932483332,0.0099716626562095,0.0129192829061793,0.0083755259083415,0.3720930232558139,0.986245807465406,-0.0041014263472817,12,XGBoost,Sr_Ca_measurement,573,Gejkar cave
30,0.9067253917301572,0.0076381867406884,0.0093909817412227,0.0068976124722367,0.1666666666666666,1.0080617859033305,-0.0055309021118005,13,XGBoost,Sr_Ca_measurement,574,Gol-E-Zard cave
30,-8.211157772632879,0.0063670122647879,0.0077674627465335,0.0054553999309028,0.5,-0.0625649444341779,0.0251257072283178,14,XGBoost,Sr_Ca_measurement,575,Jersey cave
101,-0.8373876103917308,0.0095865692090365,0.011315287202586,0.0102978177163856,0.5445544554455446,0.7365768025041861,0.0282646872224925,15,XGBoost,Sr_Ca_measurement,596,Bunker cave
148,-31.23165605611632,0.0080248937799519,0.0117248539594039,0.0035747411900758,0.3445945945945945,0.0733340564354435,0.0264196732743431,16,XGBoost,Sr_Ca_measurement,608,Santo Tomas cave
73,-0.1370575471984414,0.1603949164037835,0.2028374913511523,0.1356009054183959,0.2465753424657534,0.1444674491169662,1.1842783511285346,17,XGBoost,Sr_Ca_measurement,692,Abaco Island cave
65,-0.068230219861072,0.0766618999984447,0.0972151284324071,0.0581926462554931,0.1538461538461538,0.4173790296079366,0.3222884727750427,18,XGBoost,Sr_Ca_measurement,694,Botuverá cave
30,0.6861069098762879,0.00261763668724,0.0034025567708948,0.002101431185204,0.2,0.8557931849585243,0.003381635057253,19,XGBoost,Sr_Ca_measurement,714,Pere Noel cave
30,-0.3912033178424121,0.0119859698891639,0.0164632111674784,0.0078873550891876,0.6666666666666666,-7.558205152383413,1.4802497987848269,20,XGBoost,Sr_Ca_measurement,722,Rio Secreto cave system
30,-1.0574485533091331,0.0037670602540971,0.0041423385283242,0.0032789552063098,0.8333333333333334,1.7507317930345083,-0.0238846764671628,21,XGBoost,Sr_Ca_measurement,748,Cueva Rosa
30,-0.562529028385943,0.0058044605980381,0.0071168825049676,0.0040796581930813,0.2666666666666666,0.1041313129197754,0.0237920673464039,22,XGBoost,Sr_Ca_measurement,751,Cueva Rosa
30,-3595.208824096539,0.0018753753829459,0.0024700054157525,0.0012390040405482,0.7666666666666667,0.0081167995532596,0.0002298368884279,23,XGBoost,Sr_Ca_measurement,764,Goda Mea cave
30,-23.278919432271195,0.0006066781303581,0.0008143861378132,0.0003441320660122,0.4666666666666667,0.1717154666136304,0.0014921064432222,24,XGBoost,Sr_Ca_measurement,773,Herbstlabyrinth cave
30,-0.7871395529390599,0.0634190783789736,0.0830973486290679,0.0404376669435883,0.3,0.4035250001775028,0.5660275919677601,25,XGBoost,Sr_Ca_measurement,783,Hüttenbläserschachthöhle
34,0.7130409408839892,0.0019336641583233,0.0023050256794072,0.0017180890972581,0.1176470588235294,0.812021741519203,0.0093406933190195,26,XGBoost,Sr_Ca_measurement,784,Hüttenbläserschachthöhle
30,-0.0020898603126624,0.0151790128740432,0.0195690795812064,0.0122567889087217,0.4333333333333333,0.8920030080068326,0.0193169836025947,27,XGBoost,Sr_Ca_measurement,804,La Vallina
188,0.1646882206747842,0.0041508216249181,0.0054565973712976,0.0030168969035148,0.2446808510638297,0.8198945587435218,0.0118673022213938,28,XGBoost,Sr_Ca_measurement,812,Larga cave
30,-0.726208485296765,0.0287669370543768,0.0333835005442184,0.0277982418522169,0.4,0.392344716572093,0.1490186704467129,29,XGBoost,Sr_Ca_measurement,836,Pir Ghar cave
30,-0.8408271691592706,0.012834999195669,0.0161885262660246,0.0112404097516666,0.5666666666666667,0.4039254894348265,0.0598890489405038,30,XGBoost,Sr_Ca_measurement,842,Sa balma des quartó cave
30,0.0015923031877055,0.0097158424897506,0.0114680493671509,0.009567001583957,0.2666666666666666,0.549230878925969,0.0289671356543166,31,XGBoost,Sr_Ca_measurement,843,Sa balma des quartó cave
40,-0.6468844566143515,0.0197961600679005,0.0238396456226036,0.0175022422123935,0.65,1.5414096693988766,-0.0349014470698356,32,XGBoost,Sr_Ca_measurement,844,Sa balma des quartó cave
30,0.721398376935771,0.0040987120947302,0.0054162324613461,0.0035534794491713,0.2333333333333333,1.0856449174315206,-0.0044521250140583,33,XGBoost,Sr_Ca_measurement,845,Sa balma des quartó cave
30,-0.4364073290622849,0.0105462283460201,0.0138432005371339,0.0090050242791606,0.4333333333333333,0.0708399285901861,0.3261324426168043,34,XGBoost,Sr_Ca_measurement,879,Yonderup cave
30,0.2228510668281481,0.0024549702014599,0.0033586298021623,0.001881907078085,0.2666666666666666,0.883439288451818,0.0064256437841701,35,XGBoost,Sr_Ca_measurement,881,Zoolithen cave
30,0.0390990793157086,0.0026030189215258,0.0034149183032446,0.0018557693588725,0.4666666666666667,1.1700730510763302,-0.0087774476166694,36,XGBoost,Sr_Ca_measurement,882,Zoolithen cave
30,-2.331087489138491,0.005024355156726,0.005801837467909,0.0050844884997807,0.6,0.3566119116313166,0.0195255141982665,37,XGBoost,Sr_Ca_measurement,883,Bigonda cave
41,-0.1809663526622669,0.0012413587802326,0.0014568187677525,0.0011032231539812,0.3902439024390244,0.6791120639606635,0.0070002521260929,38,XGBoost,Sr_Ca_measurement,884,Bigonda cave
32,0.4355298431170472,0.0010649694159688,0.0014269648889781,0.0007657509182954,0.25,0.692154095699794,0.005679420410821,39,XGBoost,Sr_Ca_measurement,887,Kocain cave
30,0.2749546708417804,0.0053000892235411,0.0063134652033303,0.0049116372710492,0.3666666666666666,1.1479166394686329,-0.0144911247617809,40,XGBoost,Sr_Ca_measurement,888,Labyrinth cave
30,0.8408620186179312,0.0008551227784797,0.0010684440273632,0.0007180854386225,0.2,1.1545204975232084,-0.0019271073131052,41,XGBoost,Sr_Ca_measurement,889,Lake Shasta cave
77,0.540643172260004,0.0013279846567308,0.0017657562324746,0.0012187409648208,0.1428571428571428,0.8484423512144657,0.0025958293947984,42,XGBoost,Sr_Ca_measurement,890,Lake Shasta cave
39,0.7824195924138533,0.089254079413162,0.1057863724109096,0.0758903159720523,0.3076923076923077,1.0466111907060245,-0.0052828432142082,43,XGBoost,Sr_Ca_measurement,892,Naharon
30,0.4526685955521924,0.0024544516823177,0.0028885173592434,0.0023048202941091,0.4666666666666667,1.1135218809346696,-0.0031939640772306,44,XGBoost,Sr_Ca_measurement,894,Savi cave
30,0.560359412879269,0.0024526966039151,0.0031988651079405,0.0015763844456644,0.3333333333333333,1.9058979446993611,-0.0418417999022554,45,XGBoost,Sr_Ca_measurement,895,Savi cave
55,0.0013959641926679,0.0846529320027082,0.0935367275788172,0.0806364387517148,0.4,0.5363855154060132,0.0996779112991493,0,CatBoost,Sr_Ca_measurement,17,Kesang cave
30,-17.772336800747315,0.0280767230084297,0.0293376795068885,0.026819462065669,1.0,0.1093101513036937,0.0122398058099034,1,CatBoost,Sr_Ca_measurement,32,Villars cave
30,-8.027654112422821,0.0261115258650058,0.027744388244346,0.0251265962117033,1.0,-0.1211330979383709,0.2525131651560985,2,CatBoost,Sr_Ca_measurement,101,Mairs cave
61,-2.387106970685517,0.0418438091574536,0.0471055554652371,0.0434847271054696,0.918032786885246,-1.9664175994184887,0.9419987105828268,3,CatBoost,Sr_Ca_measurement,102,Mairs cave
30,-0.1251751410355941,0.1722584812563976,0.228285428640343,0.1234985111208046,0.6666666666666666,-5.073152220172418,14.950001446844231,4,CatBoost,Sr_Ca_measurement,156,Abaco Island cave
30,0.8723021052729986,0.1357647564314302,0.1633685143133076,0.1356299613445044,0.3666666666666666,1.147351111513065,-0.2583194755221512,5,CatBoost,Sr_Ca_measurement,158,Abaco Island cave
41,-0.8933142233283087,0.0078768979092951,0.0090889285482778,0.0079412551769681,0.4390243902439024,-0.0674161336484329,0.0544501491031561,6,CatBoost,Sr_Ca_measurement,169,Dim cave
30,-0.8109390659223608,0.0019112097889222,0.0026995594514985,0.0014041795451003,0.5,0.3236245191424037,0.0036987137763758,7,CatBoost,Sr_Ca_measurement,226,Liang Luar
30,-1.2882379965704316,0.0137405611080492,0.0160034014299829,0.0150471965755155,0.5333333333333333,0.2049346834285774,0.1161830483067287,8,CatBoost,Sr_Ca_measurement,290,Kinderlinskaya cave
160,-0.909030902843817,0.0046031024553553,0.0053530050124989,0.0046210651147071,0.4375,0.2583709109484319,0.0165000345416183,9,CatBoost,Sr_Ca_measurement,390,Closani cave
30,-1.342034731321692,0.0124156293967089,0.0161443116077729,0.0095981431085193,0.6666666666666666,-1.710329771487116,0.2148359780219084,10,CatBoost,Sr_Ca_measurement,394,Kotumsar cave
30,-0.5371861087966181,0.0020373724413458,0.0026274217666105,0.0018327103175578,0.4666666666666667,-3.1109151103127277,0.0711225749073251,11,CatBoost,Sr_Ca_measurement,561,Cobre cave
43,-0.1741798923435009,0.0141654141629806,0.0160440405012631,0.0136133406478188,0.4418604651162791,0.3432977084381637,0.0629682756079201,12,CatBoost,Sr_Ca_measurement,573,Gejkar cave
30,0.2382571548806771,0.0234805567748228,0.0268369694068058,0.0214747197354439,0.4666666666666667,4.850836296928465,-0.5183863592388152,13,CatBoost,Sr_Ca_measurement,574,Gol-E-Zard cave
30,-17.75352769416436,0.0096169896022352,0.0110831587908899,0.0120934018395732,0.4666666666666667,0.1449006427260242,0.020797765863164,14,CatBoost,Sr_Ca_measurement,575,Jersey cave
101,-3.01624061665754,0.0148662655958733,0.0167291953208885,0.013457213655389,0.9504950495049505,3.784380493051629,-0.1740036544090651,15,CatBoost,Sr_Ca_measurement,596,Bunker cave
148,-7.356945346975991,0.0051476014390709,0.0059702141984369,0.0053244015071093,0.5675675675675675,0.151921439284472,0.0251040557921195,16,CatBoost,Sr_Ca_measurement,608,Santo Tomas cave
73,-0.1686418766302893,0.1494372928651204,0.2056353290192571,0.1050693665814985,0.4657534246575342,0.7399416979356245,0.4223017863672051,17,CatBoost,Sr_Ca_measurement,692,Abaco Island cave
65,-0.0984877020688277,0.0698498197873188,0.0985823176122067,0.0411511560826097,0.3692307692307692,0.3905364910108772,0.3269393385003984,18,CatBoost,Sr_Ca_measurement,694,Botuverá cave
30,-9.644665741039708,0.012037374635233,0.0198143813188389,0.0090135314615361,0.7,0.1313906020360747,0.0203475425979968,19,CatBoost,Sr_Ca_measurement,714,Pere Noel cave
30,-0.3896582471591674,0.0118184809197351,0.016454066604976,0.0069999999999999,0.7,,,20,CatBoost,Sr_Ca_measurement,722,Rio Secreto cave system
30,-3.407079002906708,0.0058243604989187,0.0060625664805953,0.005613429536661,0.8666666666666667,-1.0488553361606243,0.0537197762232269,21,CatBoost,Sr_Ca_measurement,748,Cueva Rosa
30,-8.553730294004128,0.015340352253063,0.0175979563929589,0.012824963608368,1.0,-0.8581748035774338,0.0628541400494011,22,CatBoost,Sr_Ca_measurement,751,Cueva Rosa
30,-24935.722944974685,0.0062509419152629,0.0065042188305389,0.005437001616633,1.0,0.0029901248013179,0.0002224290951318,23,CatBoost,Sr_Ca_measurement,764,Goda Mea cave
30,-709.0330756583933,0.0043990098842065,0.004404077833769,0.0043636013435017,1.0,-0.003257858954386,0.0019398846975037,24,CatBoost,Sr_Ca_measurement,773,Herbstlabyrinth cave
30,0.4808994988644081,0.0380836870846114,0.0447851112902515,0.0374834964436175,0.4333333333333333,1.68859954628651,-0.677550582329762,25,CatBoost,Sr_Ca_measurement,783,Hüttenbläserschachthöhle
34,-0.1881020318567476,0.0037444127228949,0.0046902140953051,0.0027006473741338,0.5,0.4083826407261804,0.0297941386519541,26,CatBoost,Sr_Ca_measurement,784,Hüttenbläserschachthöhle
30,-0.9555083564014346,0.0229893106488554,0.0273367514169664,0.0263317771161841,0.7666666666666667,0.8919622709509736,0.0301869483853998,27,CatBoost,Sr_Ca_measurement,804,La Vallina
188,-1.7050000975153066,0.0080847292693765,0.0098193162860217,0.0076429415504472,0.3457446808510638,-0.4916977201514353,0.0938042660442056,28,CatBoost,Sr_Ca_measurement,812,Larga cave
30,-2.5219553864947444,0.0433961538623706,0.0476844937058313,0.0470750674650345,0.6333333333333333,0.608502748516253,0.1188222717578355,29,CatBoost,Sr_Ca_measurement,836,Pir Ghar cave
30,-2.290937643411633,0.0189154494509876,0.0216451516623841,0.0170165371010991,0.8333333333333334,0.5133920130174858,0.0547447509202005,30,CatBoost,Sr_Ca_measurement,842,Sa balma des quartó cave
30,-0.0799631626864996,0.0091864047369861,0.0119272429230205,0.0066280112353861,0.2666666666666666,0.4815919462177939,0.0334787934098549,31,CatBoost,Sr_Ca_measurement,843,Sa balma des quartó cave
40,-0.9117523781535416,0.0207321699828062,0.0256852649255478,0.0188883011360741,0.725,1.7124047928439865,-0.0499036097792733,32,CatBoost,Sr_Ca_measurement,844,Sa balma des quartó cave
30,-13.120551382651756,0.0376617425152002,0.0385594918841918,0.0407850674838927,1.0,1.382969172599544,-0.066277958893978,33,CatBoost,Sr_Ca_measurement,845,Sa balma des quartó cave
30,-4.7313993382288215,0.0256802555720566,0.0276520949002686,0.0234578109573436,0.9333333333333332,2.4718966464203875,-0.5806971392769869,34,CatBoost,Sr_Ca_measurement,879,Yonderup cave
30,-7.066686666145769,0.0085591441076365,0.0108207559894214,0.0058743549592203,0.5666666666666667,0.2147253697253474,0.0338258070128224,35,CatBoost,Sr_Ca_measurement,881,Zoolithen cave
30,-8.987563318769386,0.0096239515648345,0.0110095808825958,0.0088976339028966,0.6666666666666666,0.2385738741407416,0.0311110661604625,36,CatBoost,Sr_Ca_measurement,882,Zoolithen cave
30,0.0171645693117128,0.0025985618471331,0.0031514682838183,0.0021250495041449,0.3666666666666666,0.5687920264642865,0.0135825466912114,37,CatBoost,Sr_Ca_measurement,883,Bigonda cave
41,-0.1558853363721364,0.0011628234814939,0.0014412660039431,0.0010798574870535,0.2195121951219512,0.3549969414004342,0.015174661986281,38,CatBoost,Sr_Ca_measurement,884,Bigonda cave
32,-12.174969978082396,0.0065867203867008,0.0068939417790558,0.0059135959484647,1.0,-3.5237990704029523,0.1015764057969751,39,CatBoost,Sr_Ca_measurement,887,Kocain cave
30,-1.506205545200396,0.0097933054506023,0.0117379851279279,0.0084179842424704,0.7333333333333333,0.2440803575487331,0.051023170341148,40,CatBoost,Sr_Ca_measurement,888,Labyrinth cave
30,-0.2106702461862424,0.002399014120535,0.0029469840671595,0.0023856900739655,0.3,0.033764416237076,0.0157254697011207,41,CatBoost,Sr_Ca_measurement,889,Lake Shasta cave
77,0.1611887241933128,0.001840534997823,0.002386095324682,0.0013775360442865,0.2467532467532467,0.7391007767304186,0.0035049659595366,42,CatBoost,Sr_Ca_measurement,890,Lake Shasta cave
39,0.4024968280962007,0.1487440974417763,0.1753032385376952,0.1498824556521596,0.4871794871794871,1.4208313460313895,-0.5174518795361935,43,CatBoost,Sr_Ca_measurement,892,Naharon
30,-0.4599329220065062,0.0040733110153009,0.0047175471471806,0.0040305190778845,0.6666666666666666,12.720964307016825,-0.5721221991832484,44,CatBoost,Sr_Ca_measurement,894,Savi cave
30,-0.5329628440643768,0.0048080445325389,0.0059732797050686,0.0045513147029787,0.6,-3.1444447732374,0.1909535919041434,45,CatBoost,Sr_Ca_measurement,895,Savi cave
